dataset,n_pcs,ARI
Bus-Binzel VIS,2,0.2617953982703086
Bus-Binzel VIS,3,0.2383835379560334
Bus-Binzel VIS,4,0.2441475868512618
Bus-Binzel VIS,5,0.24761065491034956
Bus-Binzel VIS,6,0.26025772607203845
Bus-Binzel VIS,7,0.2596827656099233
Bus-Binzel VIS,8,0.24931430637150734
Bus-Binzel VIS,9,0.2510386329935696
Bus-Binzel VIS,10,0.27959909036852476
Bus-Binzel VIS,11,0.26763979290284
Bus-Binzel VIS,12,0.2615077990199437
Bus-Binzel VIS,13,0.24915858375947766
Bus-Binzel VIS,14,0.24330836533456934
Bus-Binzel VIS,15,0.2625579357926464
Bus-Binzel VIS,16,0.239135948651782
Bus-Binzel VIS,17,0.26189631398924473
Bus-Binzel VIS,18,0.23778051762748958
Bus-Binzel VIS,19,0.26110143733697777
Bus-Binzel VIS,20,0.258169206323138
Bus-Binzel VIS,21,0.2582780855399903
Bus-Binzel VIS,22,0.24966704919640836
Bus-Binzel VIS,23,0.2590239464652859
Bus-Binzel VIS,24,0.27029686303015554
Bus-Binzel VIS,25,0.2586952431324372
Bus-Binzel VIS,26,0.24958280842420344
Bus-Binzel VIS,27,0.24448378993553907
Bus-Binzel VIS,28,0.2670040901160719
Bus-Binzel VIS,29,0.2737846077887632
Bus-Binzel VIS,30,0.2550894905745683
Bus-Binzel VIS,31,0.26433346023583154
Bus-Binzel VIS,32,0.24914509738204538
Bus-Binzel VIS,33,0.25596648278655854
Bus-Binzel VIS,34,0.25375582493946447
Bus-Binzel VIS,35,0.2550849812471376
Bus-Binzel VIS,36,0.2404838696190408
Bus-Binzel VIS,37,0.26889456528529865
Bus-Binzel VIS,38,0.24203420400606293
Bus-Binzel VIS,39,0.2545056342569677
Bus-Binzel VIS,40,0.25286603581419864
Bus-Binzel VIS,41,0.25925133465775413
Bus-Binzel VIS,42,0.2607776215093527
Bus-Binzel VIS,43,0.2585861218427137
Bus-Binzel VIS,44,0.26957276109126604
Bus-Binzel VIS,45,0.25417887196524436
Bus-Binzel VIS,46,0.2610124086684294
Bus-Binzel VIS,47,0.24682281795263317
Bus-Binzel VIS,48,0.25135417884709077
Bus-Binzel VIS,49,0.2529708129477153
Bus-Binzel VIS,50,0.26451814314225425
DeMeo VIS-NIR,2,0.19045129689074172
DeMeo VIS-NIR,3,0.21074595109535219
DeMeo VIS-NIR,4,0.24423610792354192
DeMeo VIS-NIR,5,0.25273876752181473
DeMeo VIS-NIR,6,0.24676742675319557
DeMeo VIS-NIR,7,0.25642328285367816
DeMeo VIS-NIR,8,0.2441522594227723
DeMeo VIS-NIR,9,0.24821518218026373
DeMeo VIS-NIR,10,0.2452656270255557
DeMeo VIS-NIR,11,0.23315791461112312
DeMeo VIS-NIR,12,0.2577000175227928
DeMeo VIS-NIR,13,0.2534653712647248
DeMeo VIS-NIR,14,0.25724298722298067
DeMeo VIS-NIR,15,0.23973490948866263
DeMeo VIS-NIR,16,0.23826750461785093
DeMeo VIS-NIR,17,0.24657608522667487
DeMeo VIS-NIR,18,0.24523933169631315
DeMeo VIS-NIR,19,0.2458308776749713
DeMeo VIS-NIR,20,0.24853718593646643
DeMeo VIS-NIR,21,0.2588933488794195
DeMeo VIS-NIR,22,0.24484741315085948
DeMeo VIS-NIR,23,0.24922708938378577
DeMeo VIS-NIR,24,0.2420443362473738
DeMeo VIS-NIR,25,0.2420443362473738
DeMeo VIS-NIR,26,0.2420443362473738
DeMeo VIS-NIR,27,0.25872257659748465
DeMeo VIS-NIR,28,0.25872257659748465
DeMeo VIS-NIR,29,0.25872257659748465
DeMeo VIS-NIR,30,0.25872257659748465
DeMeo VIS-NIR,31,0.25872257659748465
DeMeo VIS-NIR,32,0.25872257659748465
DeMeo VIS-NIR,33,0.23395741905755674
DeMeo VIS-NIR,34,0.25793214604139775
DeMeo VIS-NIR,35,0.25793214604139775
DeMeo VIS-NIR,36,0.25793214604139775
DeMeo VIS-NIR,37,0.2638255430952271
DeMeo VIS-NIR,38,0.2638255430952271
DeMeo VIS-NIR,39,0.2638255430952271
DeMeo VIS-NIR,40,0.2638255430952271
DeMeo VIS-NIR,41,0.26376014586141777
DeMeo VIS-NIR,42,0.25423404369127073
DeMeo VIS-NIR,43,0.25423404369127073
DeMeo VIS-NIR,44,0.24551924481498605
DeMeo VIS-NIR,45,0.24551924481498605
DeMeo VIS-NIR,46,0.24551924481498605
DeMeo VIS-NIR,47,0.24551924481498605
DeMeo VIS-NIR,48,0.24551924481498605
DeMeo VIS-NIR,49,0.24551924481498605
DeMeo VIS-NIR,50,0.24551924481498605
