channel,wavelength_um,missing_initial,missing_after_interpolation,removed_channel
R_0.4350,0.435,154,151,True
R_0.4375,0.4375,122,61,True
R_0.4400,0.44,69,14,True
R_0.4425,0.4425,47,8,True
R_0.4450,0.445,33,2,True
R_0.4475,0.4475,23,1,True
R_0.4500,0.45,26,1,True
R_0.4525,0.4525,14,1,True
R_0.4550,0.455,17,0,False
R_0.4575,0.4575,8,0,False
R_0.4600,0.46,7,0,False
R_0.4625,0.4625,4,0,False
R_0.4650,0.465,5,0,False
R_0.4675,0.4675,6,0,False
R_0.4700,0.47,9,0,False
R_0.4725,0.4725,11,0,False
R_0.4750,0.475,6,0,False
R_0.4775,0.4775,9,0,False
R_0.4800,0.48,9,0,False
R_0.4825,0.4825,5,0,False
R_0.4850,0.485,9,0,False
R_0.4875,0.4875,27,0,False
R_0.4900,0.49,19,0,False
R_0.4925,0.4925,7,0,False
R_0.4950,0.495,6,0,False
R_0.4975,0.4975,3,0,False
R_0.5000,0.5,4,0,False
R_0.5025,0.5025,2,0,False
R_0.5050,0.505,1,0,False
R_0.5075,0.5075,2,0,False
R_0.5100,0.51,7,0,False
R_0.5125,0.5125,11,0,False
R_0.5150,0.515,40,0,False
R_0.5175,0.5175,64,0,False
R_0.5200,0.52,71,0,False
R_0.5225,0.5225,94,0,False
R_0.5250,0.525,139,0,False
R_0.5275,0.5275,192,0,False
R_0.5300,0.53,249,0,False
R_0.5325,0.5325,272,0,False
R_0.5350,0.535,294,0,False
R_0.5375,0.5375,243,0,False
R_0.5400,0.54,205,0,False
R_0.5425,0.5425,160,0,False
R_0.5450,0.545,93,0,False
R_0.5475,0.5475,51,0,False
R_0.5500,0.55,16,0,False
R_0.5525,0.5525,3,0,False
R_0.5550,0.555,3,0,False
R_0.5575,0.5575,2,0,False
R_0.5600,0.56,6,0,False
R_0.5625,0.5625,5,0,False
R_0.5650,0.565,13,0,False
R_0.5675,0.5675,12,0,False
R_0.5700,0.57,7,0,False
R_0.5725,0.5725,3,0,False
R_0.5750,0.575,1,0,False
R_0.5775,0.5775,0,0,False
R_0.5800,0.58,0,0,False
R_0.5825,0.5825,0,0,False
R_0.5850,0.585,1,0,False
R_0.5875,0.5875,2,0,False
R_0.5900,0.59,3,0,False
R_0.5925,0.5925,4,0,False
R_0.5950,0.595,2,0,False
R_0.5975,0.5975,2,0,False
R_0.6000,0.6,2,0,False
R_0.6025,0.6025,1,0,False
R_0.6050,0.605,1,0,False
R_0.6075,0.6075,0,0,False
R_0.6100,0.61,0,0,False
R_0.6125,0.6125,0,0,False
R_0.6150,0.615,0,0,False
R_0.6175,0.6175,1,0,False
R_0.6200,0.62,2,0,False
R_0.6225,0.6225,2,0,False
R_0.6250,0.625,0,0,False
R_0.6275,0.6275,0,0,False
R_0.6300,0.63,0,0,False
R_0.6325,0.6325,1,0,False
R_0.6350,0.635,2,0,False
R_0.6375,0.6375,1,0,False
R_0.6400,0.64,2,0,False
R_0.6425,0.6425,1,0,False
R_0.6450,0.645,0,0,False
R_0.6475,0.6475,2,0,False
R_0.6500,0.65,11,0,False
R_0.6525,0.6525,14,0,False
R_0.6550,0.655,14,0,False
R_0.6575,0.6575,68,0,False
R_0.6600,0.66,88,0,False
R_0.6625,0.6625,68,0,False
R_0.6650,0.665,21,0,False
R_0.6675,0.6675,7,0,False
R_0.6700,0.67,2,0,False
R_0.6725,0.6725,1,0,False
R_0.6750,0.675,0,0,False
R_0.6775,0.6775,6,0,False
R_0.6800,0.68,14,0,False
R_0.6825,0.6825,14,0,False
R_0.6850,0.685,29,0,False
R_0.6875,0.6875,138,0,False
R_0.6900,0.69,155,0,False
R_0.6925,0.6925,159,0,False
R_0.6950,0.695,87,0,False
R_0.6975,0.6975,30,0,False
R_0.7000,0.7,12,0,False
R_0.7025,0.7025,2,0,False
R_0.7050,0.705,0,0,False
R_0.7075,0.7075,8,0,False
R_0.7100,0.71,14,0,False
R_0.7125,0.7125,12,0,False
R_0.7150,0.715,21,0,False
R_0.7175,0.7175,88,0,False
R_0.7200,0.72,127,0,False
R_0.7225,0.7225,129,0,False
R_0.7250,0.725,123,0,False
R_0.7275,0.7275,110,0,False
R_0.7300,0.73,98,0,False
R_0.7325,0.7325,55,0,False
R_0.7350,0.735,18,0,False
R_0.7375,0.7375,9,0,False
R_0.7400,0.74,3,0,False
R_0.7425,0.7425,3,0,False
R_0.7450,0.745,3,0,False
R_0.7475,0.7475,3,0,False
R_0.7500,0.75,17,0,False
R_0.7525,0.7525,29,0,False
R_0.7550,0.755,73,0,False
R_0.7575,0.7575,439,0,False
R_0.7600,0.76,906,0,False
R_0.7625,0.7625,1001,0,False
R_0.7650,0.765,869,0,False
R_0.7675,0.7675,691,0,False
R_0.7700,0.77,240,0,False
R_0.7725,0.7725,55,0,False
R_0.7750,0.775,13,0,False
R_0.7775,0.7775,15,0,False
R_0.7800,0.78,3,0,False
R_0.7825,0.7825,3,0,False
R_0.7850,0.785,5,0,False
R_0.7875,0.7875,19,0,False
R_0.7900,0.79,4,0,False
R_0.7925,0.7925,8,0,False
R_0.7950,0.795,11,0,False
R_0.7975,0.7975,31,0,False
R_0.8000,0.8,2,0,False
R_0.8025,0.8025,6,0,False
R_0.8050,0.805,11,0,False
R_0.8075,0.8075,14,0,False
R_0.8100,0.81,23,0,False
R_0.8125,0.8125,67,0,False
R_0.8150,0.815,81,0,False
R_0.8175,0.8175,83,0,False
R_0.8200,0.82,67,0,False
R_0.8225,0.8225,60,0,False
R_0.8250,0.825,64,0,False
R_0.8275,0.8275,80,0,False
R_0.8300,0.83,145,0,False
R_0.8325,0.8325,211,0,False
R_0.8350,0.835,212,0,False
R_0.8375,0.8375,178,0,False
R_0.8400,0.84,31,0,False
R_0.8425,0.8425,12,0,False
R_0.8450,0.845,12,0,False
R_0.8475,0.8475,7,0,False
R_0.8500,0.85,6,0,False
R_0.8525,0.8525,5,0,False
R_0.8550,0.855,14,0,False
R_0.8575,0.8575,8,0,False
R_0.8600,0.86,5,0,False
R_0.8625,0.8625,15,0,False
R_0.8650,0.865,15,0,False
R_0.8675,0.8675,6,0,False
R_0.8700,0.87,4,0,False
R_0.8725,0.8725,6,0,False
R_0.8750,0.875,32,0,False
R_0.8775,0.8775,34,0,False
R_0.8800,0.88,49,0,False
R_0.8825,0.8825,48,0,False
R_0.8850,0.885,39,0,False
R_0.8875,0.8875,36,0,False
R_0.8900,0.89,27,0,False
R_0.8925,0.8925,28,0,False
R_0.8950,0.895,34,0,False
R_0.8975,0.8975,26,0,False
R_0.9000,0.9,27,0,False
R_0.9025,0.9025,17,0,False
R_0.9050,0.905,19,0,False
R_0.9075,0.9075,18,0,False
R_0.9100,0.91,13,0,False
R_0.9125,0.9125,10,0,False
R_0.9150,0.915,8,0,False
R_0.9175,0.9175,11,3,True
R_0.9200,0.92,24,15,True
R_0.9225,0.9225,48,37,True
R_0.9250,0.925,125,122,True
