asteroid_number,observation_id,class_bus,missing_fraction,failed_missing_rule,failed_055_rule
1104,0,Xk,0.08629441624365482,False,True
1212,1,X,0.07106598984771574,False,True
1343,1,C,0.10152284263959391,False,True
1634,1,S,0.15736040609137056,True,False
1796,1,Cb,0.15228426395939088,True,True
1807,1,S,0.13705583756345177,False,True
181,1,Xk,0.17258883248730963,True,False
2331,0,C,0.1065989847715736,False,True
2509,1,C,0.06091370558375635,False,True
25,1,S,0.16751269035532995,True,False
263,1,S,0.15228426395939088,True,False
2704,1,V,0.116751269035533,False,True
2957,1,K,0.17258883248730963,True,False
3085,1,Sl,0.06091370558375635,False,True
3214,1,Xc,0.1116751269035533,False,True
3306,1,S,0.16243654822335024,True,False
3841,1,S,0.07614213197969544,False,True
3976,1,X,0.08121827411167512,False,True
4774,1,S,0.08121827411167512,False,True
569,1,Cg,0.15736040609137056,True,False
723,0,C,0.13705583756345177,False,True
783,1,C,0.06598984771573604,False,True
984,0,Sr,0.09137055837563451,False,True
