class,best_PC,max_F1,samples,recovery_band,first_PC_F1_ge_0_6,first_PC_F1_ge_0_7,first_PC_F1_ge_0_8,first_PC_F1_ge_0_9,dataset
A,47,0.8275862068965517,16,0.80-0.89,3.0,3.0,47.0,,Bus-Binzel VIS
V,43,0.7857142857142857,34,0.70-0.79,2.0,12.0,,,Bus-Binzel VIS
Ld,24,0.7619047619047619,12,0.70-0.79,2.0,14.0,,,Bus-Binzel VIS
Sq,14,0.7391304347826086,50,0.70-0.79,2.0,14.0,,,Bus-Binzel VIS
D,4,0.6956521739130435,9,0.60-0.69,4.0,,,,Bus-Binzel VIS
L,19,0.6666666666666666,34,0.60-0.69,19.0,,,,Bus-Binzel VIS
R,27,0.6666666666666666,4,0.60-0.69,27.0,,,,Bus-Binzel VIS
T,9,0.6486486486486487,14,0.60-0.69,3.0,,,,Bus-Binzel VIS
Sr,10,0.6,13,0.60-0.69,10.0,,,,Bus-Binzel VIS
Sa,22,0.5862068965517241,34,<0.60,,,,,Bus-Binzel VIS
Sl,11,0.5714285714285714,48,<0.60,,,,,Bus-Binzel VIS
Xk,39,0.5684210526315789,37,<0.60,,,,,Bus-Binzel VIS
Ch,48,0.5526315789473685,137,<0.60,,,,,Bus-Binzel VIS
C,2,0.549800796812749,137,<0.60,,,,,Bus-Binzel VIS
X,38,0.5377358490566038,109,<0.60,,,,,Bus-Binzel VIS
B,3,0.5190839694656488,60,<0.60,,,,,Bus-Binzel VIS
S,10,0.47580645161290325,375,<0.60,,,,,Bus-Binzel VIS
K,20,0.4444444444444444,30,<0.60,,,,,Bus-Binzel VIS
Sk,32,0.43478260869565216,16,<0.60,,,,,Bus-Binzel VIS
Xc,10,0.425531914893617,59,<0.60,,,,,Bus-Binzel VIS
O,43,0.4,1,<0.60,,,,,Bus-Binzel VIS
Cb,23,0.37362637362637363,32,<0.60,,,,,Bus-Binzel VIS
Xe,17,0.21333333333333335,28,<0.60,,,,,Bus-Binzel VIS
Cg,44,0.21052631578947367,8,<0.60,,,,,Bus-Binzel VIS
Cgh,21,0.17777777777777778,15,<0.60,,,,,Bus-Binzel VIS
A,9,0.7636363636363637,34,0.70-0.79,3.0,3.0,,,DeMeo VIS-NIR
Q,18,0.7222222222222222,144,0.70-0.79,3.0,4.0,,,DeMeo VIS-NIR
V,21,0.6781609195402298,114,0.60-0.69,3.0,,,,DeMeo VIS-NIR
B,3,0.6608695652173913,55,0.60-0.69,2.0,,,,DeMeo VIS-NIR
Ch,23,0.6309523809523809,260,0.60-0.69,20.0,,,,DeMeo VIS-NIR
D,20,0.6072874493927125,168,0.60-0.69,20.0,,,,DeMeo VIS-NIR
Cb,23,0.5614035087719298,166,<0.60,,,,,DeMeo VIS-NIR
Xe,17,0.54627539503386,195,<0.60,,,,,DeMeo VIS-NIR
K,21,0.47058823529411764,135,<0.60,,,,,DeMeo VIS-NIR
T,42,0.4690265486725664,466,<0.60,,,,,DeMeo VIS-NIR
Sr,5,0.4207920792079208,155,<0.60,,,,,DeMeo VIS-NIR
Sv,41,0.41237113402061853,117,<0.60,,,,,DeMeo VIS-NIR
S,2,0.4077669902912621,164,<0.60,,,,,DeMeo VIS-NIR
Xk,13,0.29304029304029305,90,<0.60,,,,,DeMeo VIS-NIR
Sa,19,0.2653061224489796,16,<0.60,,,,,DeMeo VIS-NIR
X,4,0.2634730538922156,57,<0.60,,,,,DeMeo VIS-NIR
Xc,42,0.2440944881889764,70,<0.60,,,,,DeMeo VIS-NIR
O,2,0.18181818181818182,39,<0.60,,,,,DeMeo VIS-NIR
Xn,3,0.18125,58,<0.60,,,,,DeMeo VIS-NIR
Sq,2,0.0,46,<0.60,,,,,DeMeo VIS-NIR
L,2,0.0,47,<0.60,,,,,DeMeo VIS-NIR
