class,samples,dataset
A,16,Bus-Binzel VIS
B,60,Bus-Binzel VIS
C,142,Bus-Binzel VIS
Cb,33,Bus-Binzel VIS
Cg,9,Bus-Binzel VIS
Cgh,15,Bus-Binzel VIS
Ch,137,Bus-Binzel VIS
D,9,Bus-Binzel VIS
K,31,Bus-Binzel VIS
L,34,Bus-Binzel VIS
Ld,12,Bus-Binzel VIS
O,1,Bus-Binzel VIS
R,4,Bus-Binzel VIS
S,382,Bus-Binzel VIS
Sa,34,Bus-Binzel VIS
Sk,16,Bus-Binzel VIS
Sl,49,Bus-Binzel VIS
Sq,50,Bus-Binzel VIS
Sr,14,Bus-Binzel VIS
T,14,Bus-Binzel VIS
V,35,Bus-Binzel VIS
X,111,Bus-Binzel VIS
Xc,60,Bus-Binzel VIS
Xe,28,Bus-Binzel VIS
Xk,39,Bus-Binzel VIS
A,34,DeMeo VIS-NIR
B,55,DeMeo VIS-NIR
Cb,166,DeMeo VIS-NIR
Ch,260,DeMeo VIS-NIR
D,168,DeMeo VIS-NIR
K,135,DeMeo VIS-NIR
L,47,DeMeo VIS-NIR
O,39,DeMeo VIS-NIR
Q,144,DeMeo VIS-NIR
S,164,DeMeo VIS-NIR
Sa,16,DeMeo VIS-NIR
Sq,46,DeMeo VIS-NIR
Sr,155,DeMeo VIS-NIR
Sv,117,DeMeo VIS-NIR
T,466,DeMeo VIS-NIR
V,114,DeMeo VIS-NIR
X,57,DeMeo VIS-NIR
Xc,70,DeMeo VIS-NIR
Xe,195,DeMeo VIS-NIR
Xk,90,DeMeo VIS-NIR
Xn,58,DeMeo VIS-NIR
