dataset,n_pcs,class,F1
Bus-Binzel VIS,2,A,0.5217391304347826
Bus-Binzel VIS,2,B,0.37333333333333335
Bus-Binzel VIS,2,C,0.549800796812749
Bus-Binzel VIS,2,Cb,0.21052631578947367
Bus-Binzel VIS,2,Cg,0.0
Bus-Binzel VIS,2,Cgh,0.16326530612244897
Bus-Binzel VIS,2,Ch,0.5367965367965368
Bus-Binzel VIS,2,D,0.0
Bus-Binzel VIS,2,K,0.35294117647058826
Bus-Binzel VIS,2,L,0.5396825396825397
Bus-Binzel VIS,2,Ld,0.631578947368421
Bus-Binzel VIS,2,O,0.0
Bus-Binzel VIS,2,R,0.0
Bus-Binzel VIS,2,S,0.3577586206896552
Bus-Binzel VIS,2,Sa,0.36619718309859156
Bus-Binzel VIS,2,Sk,0.1951219512195122
Bus-Binzel VIS,2,Sl,0.5504587155963303
Bus-Binzel VIS,2,Sq,0.6172839506172839
Bus-Binzel VIS,2,Sr,0.45161290322580644
Bus-Binzel VIS,2,T,0.5294117647058824
Bus-Binzel VIS,2,V,0.6
Bus-Binzel VIS,2,X,0.49777777777777776
Bus-Binzel VIS,2,Xc,0.20155038759689922
Bus-Binzel VIS,2,Xe,0.04081632653061224
Bus-Binzel VIS,2,Xk,0.43373493975903615
Bus-Binzel VIS,3,A,0.7333333333333333
Bus-Binzel VIS,3,B,0.5190839694656488
Bus-Binzel VIS,3,C,0.4581818181818182
Bus-Binzel VIS,3,Cb,0.0
Bus-Binzel VIS,3,Cg,0.10344827586206896
Bus-Binzel VIS,3,Cgh,0.14035087719298245
Bus-Binzel VIS,3,Ch,0.4117647058823529
Bus-Binzel VIS,3,D,0.0
Bus-Binzel VIS,3,K,0.24444444444444444
Bus-Binzel VIS,3,L,0.5161290322580645
Bus-Binzel VIS,3,Ld,0.6666666666666666
Bus-Binzel VIS,3,O,0.16666666666666666
Bus-Binzel VIS,3,R,0.32
Bus-Binzel VIS,3,S,0.3624454148471616
Bus-Binzel VIS,3,Sa,0.2903225806451613
Bus-Binzel VIS,3,Sk,0.375
Bus-Binzel VIS,3,Sl,0.5454545454545454
Bus-Binzel VIS,3,Sq,0.6329113924050633
Bus-Binzel VIS,3,Sr,0.10309278350515463
Bus-Binzel VIS,3,T,0.6111111111111112
Bus-Binzel VIS,3,V,0.5217391304347826
Bus-Binzel VIS,3,X,0.31952662721893493
Bus-Binzel VIS,3,Xc,0.35526315789473684
Bus-Binzel VIS,3,Xe,0.075
Bus-Binzel VIS,3,Xk,0.4819277108433735
Bus-Binzel VIS,4,A,0.7741935483870968
Bus-Binzel VIS,4,B,0.3431952662721893
Bus-Binzel VIS,4,C,0.39864864864864863
Bus-Binzel VIS,4,Cb,0.26666666666666666
Bus-Binzel VIS,4,Cg,0.0
Bus-Binzel VIS,4,Cgh,0.16
Bus-Binzel VIS,4,Ch,0.5
Bus-Binzel VIS,4,D,0.6956521739130435
Bus-Binzel VIS,4,K,0.41025641025641024
Bus-Binzel VIS,4,L,0.5925925925925926
Bus-Binzel VIS,4,Ld,0.6666666666666666
Bus-Binzel VIS,4,O,0.125
Bus-Binzel VIS,4,R,0.0
Bus-Binzel VIS,4,S,0.351409978308026
Bus-Binzel VIS,4,Sa,0.3448275862068966
Bus-Binzel VIS,4,Sk,0.2716049382716049
Bus-Binzel VIS,4,Sl,0.54
Bus-Binzel VIS,4,Sq,0.6172839506172839
Bus-Binzel VIS,4,Sr,0.4375
Bus-Binzel VIS,4,T,0.5
Bus-Binzel VIS,4,V,0.5531914893617021
Bus-Binzel VIS,4,X,0.49760765550239233
Bus-Binzel VIS,4,Xc,0.0
Bus-Binzel VIS,4,Xe,0.0
Bus-Binzel VIS,4,Xk,0.5581395348837209
Bus-Binzel VIS,5,A,0.5217391304347826
Bus-Binzel VIS,5,B,0.32098765432098764
Bus-Binzel VIS,5,C,0.3584905660377358
Bus-Binzel VIS,5,Cb,0.2653061224489796
Bus-Binzel VIS,5,Cg,0.0
Bus-Binzel VIS,5,Cgh,0.16326530612244897
Bus-Binzel VIS,5,Ch,0.46473029045643155
Bus-Binzel VIS,5,D,0.0
Bus-Binzel VIS,5,K,0.25
Bus-Binzel VIS,5,L,0.48484848484848486
Bus-Binzel VIS,5,Ld,0.631578947368421
Bus-Binzel VIS,5,O,0.16666666666666666
Bus-Binzel VIS,5,R,0.3333333333333333
Bus-Binzel VIS,5,S,0.3897216274089936
Bus-Binzel VIS,5,Sa,0.43333333333333335
Bus-Binzel VIS,5,Sk,0.1875
Bus-Binzel VIS,5,Sl,0.5631067961165048
Bus-Binzel VIS,5,Sq,0.575
Bus-Binzel VIS,5,Sr,0.07228915662650602
Bus-Binzel VIS,5,T,0.42857142857142855
Bus-Binzel VIS,5,V,0.5217391304347826
Bus-Binzel VIS,5,X,0.4909090909090909
Bus-Binzel VIS,5,Xc,0.2972972972972973
Bus-Binzel VIS,5,Xe,0.0594059405940594
Bus-Binzel VIS,5,Xk,0.5057471264367817
Bus-Binzel VIS,6,A,0.7741935483870968
Bus-Binzel VIS,6,B,0.3617021276595745
Bus-Binzel VIS,6,C,0.3524590163934426
Bus-Binzel VIS,6,Cb,0.21138211382113822
Bus-Binzel VIS,6,Cg,0.0
Bus-Binzel VIS,6,Cgh,0.0
Bus-Binzel VIS,6,Ch,0.4628099173553719
Bus-Binzel VIS,6,D,0.0
Bus-Binzel VIS,6,K,0.29473684210526313
Bus-Binzel VIS,6,L,0.5230769230769231
Bus-Binzel VIS,6,Ld,0.6666666666666666
Bus-Binzel VIS,6,O,0.3333333333333333
Bus-Binzel VIS,6,R,0.0
Bus-Binzel VIS,6,S,0.43243243243243246
Bus-Binzel VIS,6,Sa,0.2903225806451613
Bus-Binzel VIS,6,Sk,0.24742268041237114
Bus-Binzel VIS,6,Sl,0.5420560747663551
Bus-Binzel VIS,6,Sq,0.6097560975609756
Bus-Binzel VIS,6,Sr,0.5925925925925926
Bus-Binzel VIS,6,T,0.425531914893617
Bus-Binzel VIS,6,V,0.6274509803921569
Bus-Binzel VIS,6,X,0.43434343434343436
Bus-Binzel VIS,6,Xc,0.3444976076555024
Bus-Binzel VIS,6,Xe,0.0
Bus-Binzel VIS,6,Xk,0.5227272727272727
Bus-Binzel VIS,7,A,0.5217391304347826
Bus-Binzel VIS,7,B,0.3333333333333333
Bus-Binzel VIS,7,C,0.3253588516746411
Bus-Binzel VIS,7,Cb,0.27956989247311825
Bus-Binzel VIS,7,Cg,0.0
Bus-Binzel VIS,7,Cgh,0.16
Bus-Binzel VIS,7,Ch,0.45714285714285713
Bus-Binzel VIS,7,D,0.0
Bus-Binzel VIS,7,K,0.30434782608695654
Bus-Binzel VIS,7,L,0.5161290322580645
Bus-Binzel VIS,7,Ld,0.631578947368421
Bus-Binzel VIS,7,O,0.3333333333333333
Bus-Binzel VIS,7,R,0.42105263157894735
Bus-Binzel VIS,7,S,0.44398340248962653
Bus-Binzel VIS,7,Sa,0.48148148148148145
Bus-Binzel VIS,7,Sk,0.35294117647058826
Bus-Binzel VIS,7,Sl,0.4918032786885246
Bus-Binzel VIS,7,Sq,0.6153846153846154
Bus-Binzel VIS,7,Sr,0.05825242718446602
Bus-Binzel VIS,7,T,0.5098039215686274
Bus-Binzel VIS,7,V,0.6923076923076923
Bus-Binzel VIS,7,X,0.4976958525345622
Bus-Binzel VIS,7,Xc,0.3076923076923077
Bus-Binzel VIS,7,Xe,0.0
Bus-Binzel VIS,7,Xk,0.5287356321839081
Bus-Binzel VIS,8,A,0.5217391304347826
Bus-Binzel VIS,8,B,0.4528301886792453
Bus-Binzel VIS,8,C,0.416
Bus-Binzel VIS,8,Cb,0.19047619047619047
Bus-Binzel VIS,8,Cg,0.0
Bus-Binzel VIS,8,Cgh,0.0
Bus-Binzel VIS,8,Ch,0.42231075697211157
Bus-Binzel VIS,8,D,0.5
Bus-Binzel VIS,8,K,0.25806451612903225
Bus-Binzel VIS,8,L,0.5070422535211268
Bus-Binzel VIS,8,Ld,0.5555555555555556
Bus-Binzel VIS,8,O,0.0
Bus-Binzel VIS,8,R,0.0
Bus-Binzel VIS,8,S,0.43478260869565216
Bus-Binzel VIS,8,Sa,0.4262295081967213
Bus-Binzel VIS,8,Sk,0.2391304347826087
Bus-Binzel VIS,8,Sl,0.4423076923076923
Bus-Binzel VIS,8,Sq,0.6024096385542169
Bus-Binzel VIS,8,Sr,0.4375
Bus-Binzel VIS,8,T,0.47368421052631576
Bus-Binzel VIS,8,V,0.6
Bus-Binzel VIS,8,X,0.3076923076923077
Bus-Binzel VIS,8,Xc,0.38848920863309355
Bus-Binzel VIS,8,Xe,0.08695652173913043
Bus-Binzel VIS,8,Xk,0.4470588235294118
Bus-Binzel VIS,9,A,0.4375
Bus-Binzel VIS,9,B,0.35668789808917195
Bus-Binzel VIS,9,C,0.5247148288973384
Bus-Binzel VIS,9,Cb,0.28
Bus-Binzel VIS,9,Cg,0.0
Bus-Binzel VIS,9,Cgh,0.16326530612244897
Bus-Binzel VIS,9,Ch,0.5291479820627802
Bus-Binzel VIS,9,D,0.0
Bus-Binzel VIS,9,K,0.2857142857142857
Bus-Binzel VIS,9,L,0.5161290322580645
Bus-Binzel VIS,9,Ld,0.631578947368421
Bus-Binzel VIS,9,O,0.0
Bus-Binzel VIS,9,R,0.0
Bus-Binzel VIS,9,S,0.38362068965517243
Bus-Binzel VIS,9,Sa,0.26666666666666666
Bus-Binzel VIS,9,Sk,0.40540540540540543
Bus-Binzel VIS,9,Sl,0.5384615384615384
Bus-Binzel VIS,9,Sq,0.6233766233766234
Bus-Binzel VIS,9,Sr,0.5185185185185185
Bus-Binzel VIS,9,T,0.6486486486486487
Bus-Binzel VIS,9,V,0.6666666666666666
Bus-Binzel VIS,9,X,0.3657142857142857
Bus-Binzel VIS,9,Xc,0.3712574850299401
Bus-Binzel VIS,9,Xe,0.03773584905660377
Bus-Binzel VIS,9,Xk,0.5060240963855421
Bus-Binzel VIS,10,A,0.6923076923076923
Bus-Binzel VIS,10,B,0.37575757575757573
Bus-Binzel VIS,10,C,0.5045871559633027
Bus-Binzel VIS,10,Cb,0.0
Bus-Binzel VIS,10,Cg,0.0
Bus-Binzel VIS,10,Cgh,0.16
Bus-Binzel VIS,10,Ch,0.5478260869565217
Bus-Binzel VIS,10,D,0.0
Bus-Binzel VIS,10,K,0.3191489361702128
Bus-Binzel VIS,10,L,0.5161290322580645
Bus-Binzel VIS,10,Ld,0.631578947368421
Bus-Binzel VIS,10,O,0.3333333333333333
Bus-Binzel VIS,10,R,0.0
Bus-Binzel VIS,10,S,0.47580645161290325
Bus-Binzel VIS,10,Sa,0.2903225806451613
Bus-Binzel VIS,10,Sk,0.3333333333333333
Bus-Binzel VIS,10,Sl,0.5523809523809524
Bus-Binzel VIS,10,Sq,0.5974025974025974
Bus-Binzel VIS,10,Sr,0.6
Bus-Binzel VIS,10,T,0.56
Bus-Binzel VIS,10,V,0.6666666666666666
Bus-Binzel VIS,10,X,0.5024630541871922
Bus-Binzel VIS,10,Xc,0.425531914893617
Bus-Binzel VIS,10,Xe,0.0784313725490196
Bus-Binzel VIS,10,Xk,0.5555555555555556
Bus-Binzel VIS,11,A,0.7857142857142857
Bus-Binzel VIS,11,B,0.36046511627906974
Bus-Binzel VIS,11,C,0.4594594594594595
Bus-Binzel VIS,11,Cb,0.0
Bus-Binzel VIS,11,Cg,0.0
Bus-Binzel VIS,11,Cgh,0.14814814814814814
Bus-Binzel VIS,11,Ch,0.49777777777777776
Bus-Binzel VIS,11,D,0.0
Bus-Binzel VIS,11,K,0.18018018018018017
Bus-Binzel VIS,11,L,0.5161290322580645
Bus-Binzel VIS,11,Ld,0.631578947368421
Bus-Binzel VIS,11,O,0.3333333333333333
Bus-Binzel VIS,11,R,0.0
Bus-Binzel VIS,11,S,0.4225941422594142
Bus-Binzel VIS,11,Sa,0.4166666666666667
Bus-Binzel VIS,11,Sk,0.22857142857142856
Bus-Binzel VIS,11,Sl,0.5714285714285714
Bus-Binzel VIS,11,Sq,0.6265060240963856
Bus-Binzel VIS,11,Sr,0.5
Bus-Binzel VIS,11,T,0.5185185185185185
Bus-Binzel VIS,11,V,0.6666666666666666
Bus-Binzel VIS,11,X,0.49514563106796117
Bus-Binzel VIS,11,Xc,0.2647058823529412
Bus-Binzel VIS,11,Xe,0.0
Bus-Binzel VIS,11,Xk,0.5154639175257731
Bus-Binzel VIS,12,A,0.7741935483870968
Bus-Binzel VIS,12,B,0.4528301886792453
Bus-Binzel VIS,12,C,0.4663677130044843
Bus-Binzel VIS,12,Cb,0.12949640287769784
Bus-Binzel VIS,12,Cg,0.0
Bus-Binzel VIS,12,Cgh,0.0
Bus-Binzel VIS,12,Ch,0.5022421524663677
Bus-Binzel VIS,12,D,0.0
Bus-Binzel VIS,12,K,0.16981132075471697
Bus-Binzel VIS,12,L,0.5333333333333333
Bus-Binzel VIS,12,Ld,0.631578947368421
Bus-Binzel VIS,12,O,0.3333333333333333
Bus-Binzel VIS,12,R,0.0
Bus-Binzel VIS,12,S,0.43568464730290457
Bus-Binzel VIS,12,Sa,0.31746031746031744
Bus-Binzel VIS,12,Sk,0.21359223300970873
Bus-Binzel VIS,12,Sl,0.5333333333333333
Bus-Binzel VIS,12,Sq,0.6265060240963856
Bus-Binzel VIS,12,Sr,0.5714285714285714
Bus-Binzel VIS,12,T,0.5
Bus-Binzel VIS,12,V,0.7169811320754716
Bus-Binzel VIS,12,X,0.5025125628140703
Bus-Binzel VIS,12,Xc,0.27586206896551724
Bus-Binzel VIS,12,Xe,0.1875
Bus-Binzel VIS,12,Xk,0.4523809523809524
Bus-Binzel VIS,13,A,0.5217391304347826
Bus-Binzel VIS,13,B,0.4528301886792453
Bus-Binzel VIS,13,C,0.38095238095238093
Bus-Binzel VIS,13,Cb,0.19393939393939394
Bus-Binzel VIS,13,Cg,0.0
Bus-Binzel VIS,13,Cgh,0.0
Bus-Binzel VIS,13,Ch,0.42231075697211157
Bus-Binzel VIS,13,D,0.6363636363636364
Bus-Binzel VIS,13,K,0.3835616438356164
Bus-Binzel VIS,13,L,0.5217391304347826
Bus-Binzel VIS,13,Ld,0.5555555555555556
Bus-Binzel VIS,13,O,0.0
Bus-Binzel VIS,13,R,0.0
Bus-Binzel VIS,13,S,0.3803418803418803
Bus-Binzel VIS,13,Sa,0.40625
Bus-Binzel VIS,13,Sk,0.2
Bus-Binzel VIS,13,Sl,0.42105263157894735
Bus-Binzel VIS,13,Sq,0.625
Bus-Binzel VIS,13,Sr,0.4375
Bus-Binzel VIS,13,T,0.5490196078431373
Bus-Binzel VIS,13,V,0.6
Bus-Binzel VIS,13,X,0.4383561643835616
Bus-Binzel VIS,13,Xc,0.3466666666666667
Bus-Binzel VIS,13,Xe,0.016260162601626018
Bus-Binzel VIS,13,Xk,0.525
Bus-Binzel VIS,14,A,0.4782608695652174
Bus-Binzel VIS,14,B,0.35789473684210527
Bus-Binzel VIS,14,C,0.319672131147541
Bus-Binzel VIS,14,Cb,0.26804123711340205
Bus-Binzel VIS,14,Cg,0.0
Bus-Binzel VIS,14,Cgh,0.0
Bus-Binzel VIS,14,Ch,0.4462809917355372
Bus-Binzel VIS,14,D,0.3684210526315789
Bus-Binzel VIS,14,K,0.3287671232876712
Bus-Binzel VIS,14,L,0.47058823529411764
Bus-Binzel VIS,14,Ld,0.7272727272727273
Bus-Binzel VIS,14,O,0.0
Bus-Binzel VIS,14,R,0.0
Bus-Binzel VIS,14,S,0.3683083511777302
Bus-Binzel VIS,14,Sa,0.12
Bus-Binzel VIS,14,Sk,0.057692307692307696
Bus-Binzel VIS,14,Sl,0.4044943820224719
Bus-Binzel VIS,14,Sq,0.7391304347826086
Bus-Binzel VIS,14,Sr,0.4375
Bus-Binzel VIS,14,T,0.0
Bus-Binzel VIS,14,V,0.6
Bus-Binzel VIS,14,X,0.4976958525345622
Bus-Binzel VIS,14,Xc,0.3787878787878788
Bus-Binzel VIS,14,Xe,0.11764705882352941
Bus-Binzel VIS,14,Xk,0.4666666666666667
Bus-Binzel VIS,15,A,0.7741935483870968
Bus-Binzel VIS,15,B,0.3431952662721893
Bus-Binzel VIS,15,C,0.42962962962962964
Bus-Binzel VIS,15,Cb,0.2641509433962264
Bus-Binzel VIS,15,Cg,0.0
Bus-Binzel VIS,15,Cgh,0.16
Bus-Binzel VIS,15,Ch,0.5087719298245614
Bus-Binzel VIS,15,D,0.6956521739130435
Bus-Binzel VIS,15,K,0.2391304347826087
Bus-Binzel VIS,15,L,0.5818181818181818
Bus-Binzel VIS,15,Ld,0.6666666666666666
Bus-Binzel VIS,15,O,0.14285714285714285
Bus-Binzel VIS,15,R,0.0
Bus-Binzel VIS,15,S,0.4389233954451346
Bus-Binzel VIS,15,Sa,0.2903225806451613
Bus-Binzel VIS,15,Sk,0.22916666666666666
Bus-Binzel VIS,15,Sl,0.5185185185185185
Bus-Binzel VIS,15,Sq,0.6190476190476191
Bus-Binzel VIS,15,Sr,0.45161290322580644
Bus-Binzel VIS,15,T,0.5217391304347826
Bus-Binzel VIS,15,V,0.64
Bus-Binzel VIS,15,X,0.34523809523809523
Bus-Binzel VIS,15,Xc,0.37681159420289856
Bus-Binzel VIS,15,Xe,0.03508771929824561
Bus-Binzel VIS,15,Xk,0.5121951219512195
Bus-Binzel VIS,16,A,0.5106382978723404
Bus-Binzel VIS,16,B,0.3617021276595745
Bus-Binzel VIS,16,C,0.33064516129032256
Bus-Binzel VIS,16,Cb,0.11965811965811966
Bus-Binzel VIS,16,Cg,0.0
Bus-Binzel VIS,16,Cgh,0.0
Bus-Binzel VIS,16,Ch,0.4034334763948498
Bus-Binzel VIS,16,D,0.64
Bus-Binzel VIS,16,K,0.4
Bus-Binzel VIS,16,L,0.5142857142857142
Bus-Binzel VIS,16,Ld,0.6666666666666666
Bus-Binzel VIS,16,O,0.0
Bus-Binzel VIS,16,R,0.0
Bus-Binzel VIS,16,S,0.3600867678958785
Bus-Binzel VIS,16,Sa,0.12658227848101267
Bus-Binzel VIS,16,Sk,0.25287356321839083
Bus-Binzel VIS,16,Sl,0.44660194174757284
Bus-Binzel VIS,16,Sq,0.625
Bus-Binzel VIS,16,Sr,0.4375
Bus-Binzel VIS,16,T,0.3829787234042553
Bus-Binzel VIS,16,V,0.6
Bus-Binzel VIS,16,X,0.5167464114832536
Bus-Binzel VIS,16,Xc,0.33766233766233766
Bus-Binzel VIS,16,Xe,0.13186813186813187
Bus-Binzel VIS,16,Xk,0.5066666666666667
Bus-Binzel VIS,17,A,0.27450980392156865
Bus-Binzel VIS,17,B,0.4158415841584158
Bus-Binzel VIS,17,C,0.41409691629955947
Bus-Binzel VIS,17,Cb,0.1323529411764706
Bus-Binzel VIS,17,Cg,0.0
Bus-Binzel VIS,17,Cgh,0.0
Bus-Binzel VIS,17,Ch,0.47706422018348627
Bus-Binzel VIS,17,D,0.0
Bus-Binzel VIS,17,K,0.26666666666666666
Bus-Binzel VIS,17,L,0.53125
Bus-Binzel VIS,17,Ld,0.631578947368421
Bus-Binzel VIS,17,O,0.0
Bus-Binzel VIS,17,R,0.0
Bus-Binzel VIS,17,S,0.40169133192389006
Bus-Binzel VIS,17,Sa,0.5357142857142857
Bus-Binzel VIS,17,Sk,0.29213483146067415
Bus-Binzel VIS,17,Sl,0.5607476635514018
Bus-Binzel VIS,17,Sq,0.625
Bus-Binzel VIS,17,Sr,0.4375
Bus-Binzel VIS,17,T,0.45
Bus-Binzel VIS,17,V,0.6
Bus-Binzel VIS,17,X,0.4577114427860697
Bus-Binzel VIS,17,Xc,0.27472527472527475
Bus-Binzel VIS,17,Xe,0.21333333333333335
Bus-Binzel VIS,17,Xk,0.35789473684210527
Bus-Binzel VIS,18,A,0.7857142857142857
Bus-Binzel VIS,18,B,0.44660194174757284
Bus-Binzel VIS,18,C,0.2916666666666667
Bus-Binzel VIS,18,Cb,0.2653061224489796
Bus-Binzel VIS,18,Cg,0.0
Bus-Binzel VIS,18,Cgh,0.0
Bus-Binzel VIS,18,Ch,0.44813278008298757
Bus-Binzel VIS,18,D,0.0
Bus-Binzel VIS,18,K,0.2391304347826087
Bus-Binzel VIS,18,L,0.5161290322580645
Bus-Binzel VIS,18,Ld,0.631578947368421
Bus-Binzel VIS,18,O,0.15384615384615385
Bus-Binzel VIS,18,R,0.3333333333333333
Bus-Binzel VIS,18,S,0.3801295896328294
Bus-Binzel VIS,18,Sa,0.48
Bus-Binzel VIS,18,Sk,0.38461538461538464
Bus-Binzel VIS,18,Sl,0.5490196078431373
Bus-Binzel VIS,18,Sq,0.6153846153846154
Bus-Binzel VIS,18,Sr,0.10989010989010989
Bus-Binzel VIS,18,T,0.5714285714285714
Bus-Binzel VIS,18,V,0.5531914893617021
Bus-Binzel VIS,18,X,0.49760765550239233
Bus-Binzel VIS,18,Xc,0.28708133971291866
Bus-Binzel VIS,18,Xe,0.06
Bus-Binzel VIS,18,Xk,0.5376344086021505
Bus-Binzel VIS,19,A,0.7333333333333333
Bus-Binzel VIS,19,B,0.3431952662721893
Bus-Binzel VIS,19,C,0.4406779661016949
Bus-Binzel VIS,19,Cb,0.0
Bus-Binzel VIS,19,Cg,0.0
Bus-Binzel VIS,19,Cgh,0.16
Bus-Binzel VIS,19,Ch,0.4727272727272727
Bus-Binzel VIS,19,D,0.4444444444444444
Bus-Binzel VIS,19,K,0.14173228346456693
Bus-Binzel VIS,19,L,0.6666666666666666
Bus-Binzel VIS,19,Ld,0.5263157894736842
Bus-Binzel VIS,19,O,0.0
Bus-Binzel VIS,19,R,0.0
Bus-Binzel VIS,19,S,0.37606837606837606
Bus-Binzel VIS,19,Sa,0.29508196721311475
Bus-Binzel VIS,19,Sk,0.33707865168539325
Bus-Binzel VIS,19,Sl,0.5185185185185185
Bus-Binzel VIS,19,Sq,0.6410256410256411
Bus-Binzel VIS,19,Sr,0.4375
Bus-Binzel VIS,19,T,0.5333333333333333
Bus-Binzel VIS,19,V,0.6
Bus-Binzel VIS,19,X,0.5073170731707317
Bus-Binzel VIS,19,Xc,0.3069306930693069
Bus-Binzel VIS,19,Xe,0.038834951456310676
Bus-Binzel VIS,19,Xk,0.46153846153846156
Bus-Binzel VIS,20,A,0.7586206896551724
Bus-Binzel VIS,20,B,0.3048780487804878
Bus-Binzel VIS,20,C,0.4978902953586498
Bus-Binzel VIS,20,Cb,0.2736842105263158
Bus-Binzel VIS,20,Cg,0.0
Bus-Binzel VIS,20,Cgh,0.16
Bus-Binzel VIS,20,Ch,0.4851063829787234
Bus-Binzel VIS,20,D,0.6086956521739131
Bus-Binzel VIS,20,K,0.4444444444444444
Bus-Binzel VIS,20,L,0.45714285714285713
Bus-Binzel VIS,20,Ld,0.6
Bus-Binzel VIS,20,O,0.0
Bus-Binzel VIS,20,R,0.42105263157894735
Bus-Binzel VIS,20,S,0.3811563169164882
Bus-Binzel VIS,20,Sa,0.5454545454545454
Bus-Binzel VIS,20,Sk,0.35443037974683544
Bus-Binzel VIS,20,Sl,0.23880597014925373
Bus-Binzel VIS,20,Sq,0.6329113924050633
Bus-Binzel VIS,20,Sr,0.057692307692307696
Bus-Binzel VIS,20,T,0.36363636363636365
Bus-Binzel VIS,20,V,0.7719298245614035
Bus-Binzel VIS,20,X,0.5205479452054794
Bus-Binzel VIS,20,Xc,0.21212121212121213
Bus-Binzel VIS,20,Xe,0.0
Bus-Binzel VIS,20,Xk,0.5
Bus-Binzel VIS,21,A,0.5
Bus-Binzel VIS,21,B,0.3972602739726027
Bus-Binzel VIS,21,C,0.48360655737704916
Bus-Binzel VIS,21,Cb,0.1
Bus-Binzel VIS,21,Cg,0.04819277108433735
Bus-Binzel VIS,21,Cgh,0.17777777777777778
Bus-Binzel VIS,21,Ch,0.44954128440366975
Bus-Binzel VIS,21,D,0.6086956521739131
Bus-Binzel VIS,21,K,0.2826086956521739
Bus-Binzel VIS,21,L,0.5352112676056338
Bus-Binzel VIS,21,Ld,0.6
Bus-Binzel VIS,21,O,0.14285714285714285
Bus-Binzel VIS,21,R,0.36363636363636365
Bus-Binzel VIS,21,S,0.40336134453781514
Bus-Binzel VIS,21,Sa,0.38596491228070173
Bus-Binzel VIS,21,Sk,0.17721518987341772
Bus-Binzel VIS,21,Sl,0.42857142857142855
Bus-Binzel VIS,21,Sq,0.5853658536585366
Bus-Binzel VIS,21,Sr,0.022222222222222223
Bus-Binzel VIS,21,T,0.5
Bus-Binzel VIS,21,V,0.5217391304347826
Bus-Binzel VIS,21,X,0.4975609756097561
Bus-Binzel VIS,21,Xc,0.41904761904761906
Bus-Binzel VIS,21,Xe,0.032
Bus-Binzel VIS,21,Xk,0.5617977528089888
Bus-Binzel VIS,22,A,0.27450980392156865
Bus-Binzel VIS,22,B,0.3624161073825503
Bus-Binzel VIS,22,C,0.4878048780487805
Bus-Binzel VIS,22,Cb,0.26262626262626265
Bus-Binzel VIS,22,Cg,0.0
Bus-Binzel VIS,22,Cgh,0.16666666666666666
Bus-Binzel VIS,22,Ch,0.46078431372549017
Bus-Binzel VIS,22,D,0.0
Bus-Binzel VIS,22,K,0.2828282828282828
Bus-Binzel VIS,22,L,0.53125
Bus-Binzel VIS,22,Ld,0.631578947368421
Bus-Binzel VIS,22,O,0.14285714285714285
Bus-Binzel VIS,22,R,0.36363636363636365
Bus-Binzel VIS,22,S,0.41596638655462187
Bus-Binzel VIS,22,Sa,0.5862068965517241
Bus-Binzel VIS,22,Sk,0.12631578947368421
Bus-Binzel VIS,22,Sl,0.5263157894736842
Bus-Binzel VIS,22,Sq,0.611764705882353
Bus-Binzel VIS,22,Sr,0.046511627906976744
Bus-Binzel VIS,22,T,0.5283018867924528
Bus-Binzel VIS,22,V,0.5217391304347826
Bus-Binzel VIS,22,X,0.4482758620689655
Bus-Binzel VIS,22,Xc,0.302158273381295
Bus-Binzel VIS,22,Xe,0.036036036036036036
Bus-Binzel VIS,22,Xk,0.5617977528089888
Bus-Binzel VIS,23,A,0.5217391304347826
Bus-Binzel VIS,23,B,0.43564356435643564
Bus-Binzel VIS,23,C,0.35359116022099446
Bus-Binzel VIS,23,Cb,0.37362637362637363
Bus-Binzel VIS,23,Cg,0.0
Bus-Binzel VIS,23,Cgh,0.044444444444444446
Bus-Binzel VIS,23,Ch,0.4595744680851064
Bus-Binzel VIS,23,D,0.5925925925925926
Bus-Binzel VIS,23,K,0.140625
Bus-Binzel VIS,23,L,0.4788732394366197
Bus-Binzel VIS,23,Ld,0.631578947368421
Bus-Binzel VIS,23,O,0.14285714285714285
Bus-Binzel VIS,23,R,0.3333333333333333
Bus-Binzel VIS,23,S,0.3640256959314775
Bus-Binzel VIS,23,Sa,0.4406779661016949
Bus-Binzel VIS,23,Sk,0.32967032967032966
Bus-Binzel VIS,23,Sl,0.42201834862385323
Bus-Binzel VIS,23,Sq,0.6329113924050633
Bus-Binzel VIS,23,Sr,0.0425531914893617
Bus-Binzel VIS,23,T,0.5217391304347826
Bus-Binzel VIS,23,V,0.5217391304347826
Bus-Binzel VIS,23,X,0.5
Bus-Binzel VIS,23,Xc,0.28708133971291866
Bus-Binzel VIS,23,Xe,0.04
Bus-Binzel VIS,23,Xk,0.5208333333333334
Bus-Binzel VIS,24,A,0.3111111111111111
Bus-Binzel VIS,24,B,0.40559440559440557
Bus-Binzel VIS,24,C,0.5147058823529411
Bus-Binzel VIS,24,Cb,0.2857142857142857
Bus-Binzel VIS,24,Cg,0.18181818181818182
Bus-Binzel VIS,24,Cgh,0.16326530612244897
Bus-Binzel VIS,24,Ch,0.5225225225225225
Bus-Binzel VIS,24,D,0.5925925925925926
Bus-Binzel VIS,24,K,0.14754098360655737
Bus-Binzel VIS,24,L,0.4383561643835616
Bus-Binzel VIS,24,Ld,0.7619047619047619
Bus-Binzel VIS,24,O,0.0
Bus-Binzel VIS,24,R,0.0
Bus-Binzel VIS,24,S,0.3905579399141631
Bus-Binzel VIS,24,Sa,0.41975308641975306
Bus-Binzel VIS,24,Sk,0.38961038961038963
Bus-Binzel VIS,24,Sl,0.23448275862068965
Bus-Binzel VIS,24,Sq,0.6153846153846154
Bus-Binzel VIS,24,Sr,0.4375
Bus-Binzel VIS,24,T,0.46153846153846156
Bus-Binzel VIS,24,V,0.6
Bus-Binzel VIS,24,X,0.38095238095238093
Bus-Binzel VIS,24,Xc,0.3443708609271523
Bus-Binzel VIS,24,Xe,0.0
Bus-Binzel VIS,24,Xk,0.4878048780487805
Bus-Binzel VIS,25,A,0.75
Bus-Binzel VIS,25,B,0.4722222222222222
Bus-Binzel VIS,25,C,0.48847926267281105
Bus-Binzel VIS,25,Cb,0.0
Bus-Binzel VIS,25,Cg,0.125
Bus-Binzel VIS,25,Cgh,0.15384615384615385
Bus-Binzel VIS,25,Ch,0.5022026431718062
Bus-Binzel VIS,25,D,0.0
Bus-Binzel VIS,25,K,0.21978021978021978
Bus-Binzel VIS,25,L,0.5555555555555556
Bus-Binzel VIS,25,Ld,0.6666666666666666
Bus-Binzel VIS,25,O,0.0
Bus-Binzel VIS,25,R,0.36363636363636365
Bus-Binzel VIS,25,S,0.46122448979591835
Bus-Binzel VIS,25,Sa,0.24242424242424243
Bus-Binzel VIS,25,Sk,0.22857142857142856
Bus-Binzel VIS,25,Sl,0.5576923076923077
Bus-Binzel VIS,25,Sq,0.6097560975609756
Bus-Binzel VIS,25,Sr,0.07228915662650602
Bus-Binzel VIS,25,T,0.0
Bus-Binzel VIS,25,V,0.6
Bus-Binzel VIS,25,X,0.4845814977973568
Bus-Binzel VIS,25,Xc,0.40384615384615385
Bus-Binzel VIS,25,Xe,0.11864406779661017
Bus-Binzel VIS,25,Xk,0.4827586206896552
Bus-Binzel VIS,26,A,0.2857142857142857
Bus-Binzel VIS,26,B,0.3838383838383838
Bus-Binzel VIS,26,C,0.4383561643835616
Bus-Binzel VIS,26,Cb,0.0
Bus-Binzel VIS,26,Cg,0.0
Bus-Binzel VIS,26,Cgh,0.0
Bus-Binzel VIS,26,Ch,0.432
Bus-Binzel VIS,26,D,0.6
Bus-Binzel VIS,26,K,0.3492063492063492
Bus-Binzel VIS,26,L,0.4927536231884058
Bus-Binzel VIS,26,Ld,0.6666666666666666
Bus-Binzel VIS,26,O,0.14285714285714285
Bus-Binzel VIS,26,R,0.36363636363636365
Bus-Binzel VIS,26,S,0.42105263157894735
Bus-Binzel VIS,26,Sa,0.3793103448275862
Bus-Binzel VIS,26,Sk,0.37037037037037035
Bus-Binzel VIS,26,Sl,0.42857142857142855
Bus-Binzel VIS,26,Sq,0.6
Bus-Binzel VIS,26,Sr,0.09900990099009901
Bus-Binzel VIS,26,T,0.5945945945945946
Bus-Binzel VIS,26,V,0.5217391304347826
Bus-Binzel VIS,26,X,0.5
Bus-Binzel VIS,26,Xc,0.273972602739726
Bus-Binzel VIS,26,Xe,0.023809523809523808
Bus-Binzel VIS,26,Xk,0.5473684210526316
Bus-Binzel VIS,27,A,0.6486486486486487
Bus-Binzel VIS,27,B,0.3253012048192771
Bus-Binzel VIS,27,C,0.4491525423728814
Bus-Binzel VIS,27,Cb,0.0
Bus-Binzel VIS,27,Cg,0.0
Bus-Binzel VIS,27,Cgh,0.14285714285714285
Bus-Binzel VIS,27,Ch,0.46511627906976744
Bus-Binzel VIS,27,D,0.5
Bus-Binzel VIS,27,K,0.24
Bus-Binzel VIS,27,L,0.43478260869565216
Bus-Binzel VIS,27,Ld,0.6
Bus-Binzel VIS,27,O,0.16666666666666666
Bus-Binzel VIS,27,R,0.6666666666666666
Bus-Binzel VIS,27,S,0.4033970276008493
Bus-Binzel VIS,27,Sa,0.10714285714285714
Bus-Binzel VIS,27,Sk,0.40540540540540543
Bus-Binzel VIS,27,Sl,0.5192307692307693
Bus-Binzel VIS,27,Sq,0.6075949367088608
Bus-Binzel VIS,27,Sr,0.1518987341772152
Bus-Binzel VIS,27,T,0.5454545454545454
Bus-Binzel VIS,27,V,0.5106382978723404
Bus-Binzel VIS,27,X,0.5047619047619047
Bus-Binzel VIS,27,Xc,0.297029702970297
Bus-Binzel VIS,27,Xe,0.0392156862745098
Bus-Binzel VIS,27,Xk,0.54
Bus-Binzel VIS,28,A,0.3870967741935484
Bus-Binzel VIS,28,B,0.35668789808917195
Bus-Binzel VIS,28,C,0.5037037037037037
Bus-Binzel VIS,28,Cb,0.28846153846153844
Bus-Binzel VIS,28,Cg,0.0
Bus-Binzel VIS,28,Cgh,0.16326530612244897
Bus-Binzel VIS,28,Ch,0.49760765550239233
Bus-Binzel VIS,28,D,0.0
Bus-Binzel VIS,28,K,0.2916666666666667
Bus-Binzel VIS,28,L,0.5483870967741935
Bus-Binzel VIS,28,Ld,0.631578947368421
Bus-Binzel VIS,28,O,0.0
Bus-Binzel VIS,28,R,0.0
Bus-Binzel VIS,28,S,0.4517453798767967
Bus-Binzel VIS,28,Sa,0.27692307692307694
Bus-Binzel VIS,28,Sk,0.15053763440860216
Bus-Binzel VIS,28,Sl,0.5607476635514018
Bus-Binzel VIS,28,Sq,0.611764705882353
Bus-Binzel VIS,28,Sr,0.4375
Bus-Binzel VIS,28,T,0.5
Bus-Binzel VIS,28,V,0.6
Bus-Binzel VIS,28,X,0.367816091954023
Bus-Binzel VIS,28,Xc,0.38823529411764707
Bus-Binzel VIS,28,Xe,0.04878048780487805
Bus-Binzel VIS,28,Xk,0.4883720930232558
Bus-Binzel VIS,29,A,0.4888888888888889
Bus-Binzel VIS,29,B,0.44
Bus-Binzel VIS,29,C,0.497737556561086
Bus-Binzel VIS,29,Cb,0.2882882882882883
Bus-Binzel VIS,29,Cg,0.0
Bus-Binzel VIS,29,Cgh,0.09411764705882353
Bus-Binzel VIS,29,Ch,0.47058823529411764
Bus-Binzel VIS,29,D,0.6363636363636364
Bus-Binzel VIS,29,K,0.0
Bus-Binzel VIS,29,L,0.5333333333333333
Bus-Binzel VIS,29,Ld,0.5555555555555556
Bus-Binzel VIS,29,O,0.15384615384615385
Bus-Binzel VIS,29,R,0.32
Bus-Binzel VIS,29,S,0.4376278118609407
Bus-Binzel VIS,29,Sa,0.5294117647058824
Bus-Binzel VIS,29,Sk,0.33707865168539325
Bus-Binzel VIS,29,Sl,0.24806201550387597
Bus-Binzel VIS,29,Sq,0.6153846153846154
Bus-Binzel VIS,29,Sr,0.07407407407407407
Bus-Binzel VIS,29,T,0.5714285714285714
Bus-Binzel VIS,29,V,0.5531914893617021
Bus-Binzel VIS,29,X,0.4721030042918455
Bus-Binzel VIS,29,Xc,0.2463768115942029
Bus-Binzel VIS,29,Xe,0.0
Bus-Binzel VIS,29,Xk,0.4943820224719101
Bus-Binzel VIS,30,A,0.7857142857142857
Bus-Binzel VIS,30,B,0.36585365853658536
Bus-Binzel VIS,30,C,0.4095238095238095
Bus-Binzel VIS,30,Cb,0.0
Bus-Binzel VIS,30,Cg,0.0
Bus-Binzel VIS,30,Cgh,0.16
Bus-Binzel VIS,30,Ch,0.5378151260504201
Bus-Binzel VIS,30,D,0.6363636363636364
Bus-Binzel VIS,30,K,0.13725490196078433
Bus-Binzel VIS,30,L,0.5625
Bus-Binzel VIS,30,Ld,0.5555555555555556
Bus-Binzel VIS,30,O,0.0
Bus-Binzel VIS,30,R,0.0
Bus-Binzel VIS,30,S,0.4126315789473684
Bus-Binzel VIS,30,Sa,0.40625
Bus-Binzel VIS,30,Sk,0.375
Bus-Binzel VIS,30,Sl,0.43137254901960786
Bus-Binzel VIS,30,Sq,0.6410256410256411
Bus-Binzel VIS,30,Sr,0.4375
Bus-Binzel VIS,30,T,0.5714285714285714
Bus-Binzel VIS,30,V,0.6
Bus-Binzel VIS,30,X,0.5024154589371981
Bus-Binzel VIS,30,Xc,0.26291079812206575
Bus-Binzel VIS,30,Xe,0.038834951456310676
Bus-Binzel VIS,30,Xk,0.5617977528089888
Bus-Binzel VIS,31,A,0.5333333333333333
Bus-Binzel VIS,31,B,0.4339622641509434
Bus-Binzel VIS,31,C,0.375
Bus-Binzel VIS,31,Cb,0.1780821917808219
Bus-Binzel VIS,31,Cg,0.0
Bus-Binzel VIS,31,Cgh,0.0
Bus-Binzel VIS,31,Ch,0.45569620253164556
Bus-Binzel VIS,31,D,0.6153846153846154
Bus-Binzel VIS,31,K,0.2376237623762376
Bus-Binzel VIS,31,L,0.45901639344262296
Bus-Binzel VIS,31,Ld,0.6666666666666666
Bus-Binzel VIS,31,O,0.3333333333333333
Bus-Binzel VIS,31,R,0.0
Bus-Binzel VIS,31,S,0.4539877300613497
Bus-Binzel VIS,31,Sa,0.1188118811881188
Bus-Binzel VIS,31,Sk,0.32967032967032966
Bus-Binzel VIS,31,Sl,0.49523809523809526
Bus-Binzel VIS,31,Sq,0.6329113924050633
Bus-Binzel VIS,31,Sr,0.6
Bus-Binzel VIS,31,T,0.5238095238095238
Bus-Binzel VIS,31,V,0.6666666666666666
Bus-Binzel VIS,31,X,0.5073170731707317
Bus-Binzel VIS,31,Xc,0.29107981220657275
Bus-Binzel VIS,31,Xe,0.07407407407407407
Bus-Binzel VIS,31,Xk,0.4772727272727273
Bus-Binzel VIS,32,A,0.6486486486486487
Bus-Binzel VIS,32,B,0.36257309941520466
Bus-Binzel VIS,32,C,0.48034934497816595
Bus-Binzel VIS,32,Cb,0.0
Bus-Binzel VIS,32,Cg,0.0
Bus-Binzel VIS,32,Cgh,0.14814814814814814
Bus-Binzel VIS,32,Ch,0.5045045045045045
Bus-Binzel VIS,32,D,0.5
Bus-Binzel VIS,32,K,0.20202020202020202
Bus-Binzel VIS,32,L,0.4225352112676056
Bus-Binzel VIS,32,Ld,0.6
Bus-Binzel VIS,32,O,0.18181818181818182
Bus-Binzel VIS,32,R,0.3333333333333333
Bus-Binzel VIS,32,S,0.39658848614072495
Bus-Binzel VIS,32,Sa,0.10714285714285714
Bus-Binzel VIS,32,Sk,0.43478260869565216
Bus-Binzel VIS,32,Sl,0.5094339622641509
Bus-Binzel VIS,32,Sq,0.631578947368421
Bus-Binzel VIS,32,Sr,0.16901408450704225
Bus-Binzel VIS,32,T,0.45
Bus-Binzel VIS,32,V,0.5531914893617021
Bus-Binzel VIS,32,X,0.5
Bus-Binzel VIS,32,Xc,0.27860696517412936
Bus-Binzel VIS,32,Xe,0.18461538461538463
Bus-Binzel VIS,32,Xk,0.4578313253012048
Bus-Binzel VIS,33,A,0.7741935483870968
Bus-Binzel VIS,33,B,0.3617021276595745
Bus-Binzel VIS,33,C,0.4715447154471545
Bus-Binzel VIS,33,Cb,0.1568627450980392
Bus-Binzel VIS,33,Cg,0.0
Bus-Binzel VIS,33,Cgh,0.0
Bus-Binzel VIS,33,Ch,0.41228070175438597
Bus-Binzel VIS,33,D,0.0
Bus-Binzel VIS,33,K,0.26804123711340205
Bus-Binzel VIS,33,L,0.5454545454545454
Bus-Binzel VIS,33,Ld,0.6666666666666666
Bus-Binzel VIS,33,O,0.3333333333333333
Bus-Binzel VIS,33,R,0.0
Bus-Binzel VIS,33,S,0.4282744282744283
Bus-Binzel VIS,33,Sa,0.2903225806451613
Bus-Binzel VIS,33,Sk,0.15217391304347827
Bus-Binzel VIS,33,Sl,0.5178571428571429
Bus-Binzel VIS,33,Sq,0.6024096385542169
Bus-Binzel VIS,33,Sr,0.5
Bus-Binzel VIS,33,T,0.5
Bus-Binzel VIS,33,V,0.6666666666666666
Bus-Binzel VIS,33,X,0.5370370370370371
Bus-Binzel VIS,33,Xc,0.41509433962264153
Bus-Binzel VIS,33,Xe,0.10526315789473684
Bus-Binzel VIS,33,Xk,0.5060240963855421
Bus-Binzel VIS,34,A,0.3333333333333333
Bus-Binzel VIS,34,B,0.37575757575757573
Bus-Binzel VIS,34,C,0.4218181818181818
Bus-Binzel VIS,34,Cb,0.21359223300970873
Bus-Binzel VIS,34,Cg,0.0
Bus-Binzel VIS,34,Cgh,0.16
Bus-Binzel VIS,34,Ch,0.5446808510638298
Bus-Binzel VIS,34,D,0.5714285714285714
Bus-Binzel VIS,34,K,0.26666666666666666
Bus-Binzel VIS,34,L,0.5205479452054794
Bus-Binzel VIS,34,Ld,0.5555555555555556
Bus-Binzel VIS,34,O,0.14285714285714285
Bus-Binzel VIS,34,R,0.32
Bus-Binzel VIS,34,S,0.39662447257383965
Bus-Binzel VIS,34,Sa,0.5263157894736842
Bus-Binzel VIS,34,Sk,0.2988505747126437
Bus-Binzel VIS,34,Sl,0.41509433962264153
Bus-Binzel VIS,34,Sq,0.6097560975609756
Bus-Binzel VIS,34,Sr,0.043010752688172046
Bus-Binzel VIS,34,T,0.4888888888888889
Bus-Binzel VIS,34,V,0.5217391304347826
Bus-Binzel VIS,34,X,0.31137724550898205
Bus-Binzel VIS,34,Xc,0.3829787234042553
Bus-Binzel VIS,34,Xe,0.034482758620689655
Bus-Binzel VIS,34,Xk,0.5
Bus-Binzel VIS,35,A,0.5217391304347826
Bus-Binzel VIS,35,B,0.4485981308411215
Bus-Binzel VIS,35,C,0.42657342657342656
Bus-Binzel VIS,35,Cb,0.0
Bus-Binzel VIS,35,Cg,0.0
Bus-Binzel VIS,35,Cgh,0.0
Bus-Binzel VIS,35,Ch,0.4263565891472868
Bus-Binzel VIS,35,D,0.30303030303030304
Bus-Binzel VIS,35,K,0.19230769230769232
Bus-Binzel VIS,35,L,0.463768115942029
Bus-Binzel VIS,35,Ld,0.5555555555555556
Bus-Binzel VIS,35,O,0.0
Bus-Binzel VIS,35,R,0.0
Bus-Binzel VIS,35,S,0.4315352697095436
Bus-Binzel VIS,35,Sa,0.4406779661016949
Bus-Binzel VIS,35,Sk,0.27956989247311825
Bus-Binzel VIS,35,Sl,0.4423076923076923
Bus-Binzel VIS,35,Sq,0.625
Bus-Binzel VIS,35,Sr,0.4375
Bus-Binzel VIS,35,T,0.37209302325581395
Bus-Binzel VIS,35,V,0.6
Bus-Binzel VIS,35,X,0.5024154589371981
Bus-Binzel VIS,35,Xc,0.28708133971291866
Bus-Binzel VIS,35,Xe,0.037037037037037035
Bus-Binzel VIS,35,Xk,0.47191011235955055
Bus-Binzel VIS,36,A,0.5217391304347826
Bus-Binzel VIS,36,B,0.36046511627906974
Bus-Binzel VIS,36,C,0.3444976076555024
Bus-Binzel VIS,36,Cb,0.0
Bus-Binzel VIS,36,Cg,0.0
Bus-Binzel VIS,36,Cgh,0.16
Bus-Binzel VIS,36,Ch,0.4097222222222222
Bus-Binzel VIS,36,D,0.0
Bus-Binzel VIS,36,K,0.2736842105263158
Bus-Binzel VIS,36,L,0.53125
Bus-Binzel VIS,36,Ld,0.631578947368421
Bus-Binzel VIS,36,O,0.0
Bus-Binzel VIS,36,R,0.47058823529411764
Bus-Binzel VIS,36,S,0.3827956989247312
Bus-Binzel VIS,36,Sa,0.37142857142857144
Bus-Binzel VIS,36,Sk,0.4225352112676056
Bus-Binzel VIS,36,Sl,0.5420560747663551
Bus-Binzel VIS,36,Sq,0.5555555555555556
Bus-Binzel VIS,36,Sr,0.42857142857142855
Bus-Binzel VIS,36,T,0.56
Bus-Binzel VIS,36,V,0.5106382978723404
Bus-Binzel VIS,36,X,0.4537037037037037
Bus-Binzel VIS,36,Xc,0.348993288590604
Bus-Binzel VIS,36,Xe,0.05217391304347826
Bus-Binzel VIS,36,Xk,0.5555555555555556
Bus-Binzel VIS,37,A,0.7333333333333333
Bus-Binzel VIS,37,B,0.41333333333333333
Bus-Binzel VIS,37,C,0.5409252669039146
Bus-Binzel VIS,37,Cb,0.14457831325301204
Bus-Binzel VIS,37,Cg,0.0
Bus-Binzel VIS,37,Cgh,0.16326530612244897
Bus-Binzel VIS,37,Ch,0.5327868852459017
Bus-Binzel VIS,37,D,0.5263157894736842
Bus-Binzel VIS,37,K,0.1702127659574468
Bus-Binzel VIS,37,L,0.647887323943662
Bus-Binzel VIS,37,Ld,0.6
Bus-Binzel VIS,37,O,0.16666666666666666
Bus-Binzel VIS,37,R,0.3333333333333333
Bus-Binzel VIS,37,S,0.4517453798767967
Bus-Binzel VIS,37,Sa,0.2903225806451613
Bus-Binzel VIS,37,Sk,0.22535211267605634
Bus-Binzel VIS,37,Sl,0.5607476635514018
Bus-Binzel VIS,37,Sq,0.6265060240963856
Bus-Binzel VIS,37,Sr,0.12048192771084337
Bus-Binzel VIS,37,T,0.27586206896551724
Bus-Binzel VIS,37,V,0.5217391304347826
Bus-Binzel VIS,37,X,0.5
Bus-Binzel VIS,37,Xc,0.0
Bus-Binzel VIS,37,Xe,0.0
Bus-Binzel VIS,37,Xk,0.43564356435643564
Bus-Binzel VIS,38,A,0.625
Bus-Binzel VIS,38,B,0.3708609271523179
Bus-Binzel VIS,38,C,0.4816326530612245
Bus-Binzel VIS,38,Cb,0.2549019607843137
Bus-Binzel VIS,38,Cg,0.0
Bus-Binzel VIS,38,Cgh,0.16326530612244897
Bus-Binzel VIS,38,Ch,0.4630541871921182
Bus-Binzel VIS,38,D,0.0
Bus-Binzel VIS,38,K,0.14953271028037382
Bus-Binzel VIS,38,L,0.4745762711864407
Bus-Binzel VIS,38,Ld,0.5714285714285714
Bus-Binzel VIS,38,O,0.14285714285714285
Bus-Binzel VIS,38,R,0.34782608695652173
Bus-Binzel VIS,38,S,0.3616557734204793
Bus-Binzel VIS,38,Sa,0.29508196721311475
Bus-Binzel VIS,38,Sk,0.38961038961038963
Bus-Binzel VIS,38,Sl,0.5384615384615384
Bus-Binzel VIS,38,Sq,0.5641025641025641
Bus-Binzel VIS,38,Sr,0.08791208791208792
Bus-Binzel VIS,38,T,0.46153846153846156
Bus-Binzel VIS,38,V,0.5217391304347826
Bus-Binzel VIS,38,X,0.5377358490566038
Bus-Binzel VIS,38,Xc,0.41904761904761906
Bus-Binzel VIS,38,Xe,0.12371134020618557
Bus-Binzel VIS,38,Xk,0.46153846153846156
Bus-Binzel VIS,39,A,0.7096774193548387
Bus-Binzel VIS,39,B,0.2987012987012987
Bus-Binzel VIS,39,C,0.3888888888888889
Bus-Binzel VIS,39,Cb,0.2912621359223301
Bus-Binzel VIS,39,Cg,0.0
Bus-Binzel VIS,39,Cgh,0.16666666666666666
Bus-Binzel VIS,39,Ch,0.4896265560165975
Bus-Binzel VIS,39,D,0.5
Bus-Binzel VIS,39,K,0.3764705882352941
Bus-Binzel VIS,39,L,0.4918032786885246
Bus-Binzel VIS,39,Ld,0.6
Bus-Binzel VIS,39,O,0.0
Bus-Binzel VIS,39,R,0.0
Bus-Binzel VIS,39,S,0.42348008385744235
Bus-Binzel VIS,39,Sa,0.3
Bus-Binzel VIS,39,Sk,0.3333333333333333
Bus-Binzel VIS,39,Sl,0.45098039215686275
Bus-Binzel VIS,39,Sq,0.6153846153846154
Bus-Binzel VIS,39,Sr,0.4375
Bus-Binzel VIS,39,T,0.5581395348837209
Bus-Binzel VIS,39,V,0.6
Bus-Binzel VIS,39,X,0.463768115942029
Bus-Binzel VIS,39,Xc,0.33557046979865773
Bus-Binzel VIS,39,Xe,0.0
Bus-Binzel VIS,39,Xk,0.5684210526315789
Bus-Binzel VIS,40,A,0.7692307692307693
Bus-Binzel VIS,40,B,0.35789473684210527
Bus-Binzel VIS,40,C,0.3235294117647059
Bus-Binzel VIS,40,Cb,0.21768707482993196
Bus-Binzel VIS,40,Cg,0.0
Bus-Binzel VIS,40,Cgh,0.09411764705882353
Bus-Binzel VIS,40,Ch,0.39330543933054396
Bus-Binzel VIS,40,D,0.0
Bus-Binzel VIS,40,K,0.03278688524590164
Bus-Binzel VIS,40,L,0.5161290322580645
Bus-Binzel VIS,40,Ld,0.6666666666666666
Bus-Binzel VIS,40,O,0.0
Bus-Binzel VIS,40,R,0.125
Bus-Binzel VIS,40,S,0.3831578947368421
Bus-Binzel VIS,40,Sa,0.48
Bus-Binzel VIS,40,Sk,0.4307692307692308
Bus-Binzel VIS,40,Sl,0.47058823529411764
Bus-Binzel VIS,40,Sq,0.5789473684210527
Bus-Binzel VIS,40,Sr,0.5714285714285714
Bus-Binzel VIS,40,T,0.5
Bus-Binzel VIS,40,V,0.5106382978723404
Bus-Binzel VIS,40,X,0.49
Bus-Binzel VIS,40,Xc,0.32653061224489793
Bus-Binzel VIS,40,Xe,0.0
Bus-Binzel VIS,40,Xk,0.5102040816326531
Bus-Binzel VIS,41,A,0.5217391304347826
Bus-Binzel VIS,41,B,0.40764331210191085
Bus-Binzel VIS,41,C,0.4548736462093863
Bus-Binzel VIS,41,Cb,0.14457831325301204
Bus-Binzel VIS,41,Cg,0.0
Bus-Binzel VIS,41,Cgh,0.16326530612244897
Bus-Binzel VIS,41,Ch,0.4669260700389105
Bus-Binzel VIS,41,D,0.5161290322580645
Bus-Binzel VIS,41,K,0.26666666666666666
Bus-Binzel VIS,41,L,0.34285714285714286
Bus-Binzel VIS,41,Ld,0.631578947368421
Bus-Binzel VIS,41,O,0.18181818181818182
Bus-Binzel VIS,41,R,0.5333333333333333
Bus-Binzel VIS,41,S,0.40421052631578946
Bus-Binzel VIS,41,Sa,0.39285714285714285
Bus-Binzel VIS,41,Sk,0.3181818181818182
Bus-Binzel VIS,41,Sl,0.5172413793103449
Bus-Binzel VIS,41,Sq,0.625
Bus-Binzel VIS,41,Sr,0.041666666666666664
Bus-Binzel VIS,41,T,0.391304347826087
Bus-Binzel VIS,41,V,0.5217391304347826
Bus-Binzel VIS,41,X,0.30952380952380953
Bus-Binzel VIS,41,Xc,0.3724137931034483
Bus-Binzel VIS,41,Xe,0.016129032258064516
Bus-Binzel VIS,41,Xk,0.5
Bus-Binzel VIS,42,A,0.5217391304347826
Bus-Binzel VIS,42,B,0.3684210526315789
Bus-Binzel VIS,42,C,0.5166051660516605
Bus-Binzel VIS,42,Cb,0.0
Bus-Binzel VIS,42,Cg,0.0
Bus-Binzel VIS,42,Cgh,0.16326530612244897
Bus-Binzel VIS,42,Ch,0.3650190114068441
Bus-Binzel VIS,42,D,0.6956521739130435
Bus-Binzel VIS,42,K,0.25
Bus-Binzel VIS,42,L,0.5
Bus-Binzel VIS,42,Ld,0.7619047619047619
Bus-Binzel VIS,42,O,0.16666666666666666
Bus-Binzel VIS,42,R,0.3333333333333333
Bus-Binzel VIS,42,S,0.4276729559748428
Bus-Binzel VIS,42,Sa,0.4406779661016949
Bus-Binzel VIS,42,Sk,0.24444444444444444
Bus-Binzel VIS,42,Sl,0.47619047619047616
Bus-Binzel VIS,42,Sq,0.6172839506172839
Bus-Binzel VIS,42,Sr,0.034782608695652174
Bus-Binzel VIS,42,T,0.3111111111111111
Bus-Binzel VIS,42,V,0.45454545454545453
Bus-Binzel VIS,42,X,0.502092050209205
Bus-Binzel VIS,42,Xc,0.183206106870229
Bus-Binzel VIS,42,Xe,0.0
Bus-Binzel VIS,42,Xk,0.49411764705882355
Bus-Binzel VIS,43,A,0.7586206896551724
Bus-Binzel VIS,43,B,0.37333333333333335
Bus-Binzel VIS,43,C,0.49193548387096775
Bus-Binzel VIS,43,Cb,0.26262626262626265
Bus-Binzel VIS,43,Cg,0.0
Bus-Binzel VIS,43,Cgh,0.16326530612244897
Bus-Binzel VIS,43,Ch,0.4729064039408867
Bus-Binzel VIS,43,D,0.6086956521739131
Bus-Binzel VIS,43,K,0.17543859649122806
Bus-Binzel VIS,43,L,0.5483870967741935
Bus-Binzel VIS,43,Ld,0.6
Bus-Binzel VIS,43,O,0.4
Bus-Binzel VIS,43,R,0.0
Bus-Binzel VIS,43,S,0.40756302521008403
Bus-Binzel VIS,43,Sa,0.29508196721311475
Bus-Binzel VIS,43,Sk,0.27956989247311825
Bus-Binzel VIS,43,Sl,0.40384615384615385
Bus-Binzel VIS,43,Sq,0.6172839506172839
Bus-Binzel VIS,43,Sr,0.4117647058823529
Bus-Binzel VIS,43,T,0.5416666666666666
Bus-Binzel VIS,43,V,0.7857142857142857
Bus-Binzel VIS,43,X,0.45614035087719296
Bus-Binzel VIS,43,Xc,0.3142857142857143
Bus-Binzel VIS,43,Xe,0.0380952380952381
Bus-Binzel VIS,43,Xk,0.5263157894736842
Bus-Binzel VIS,44,A,0.7857142857142857
Bus-Binzel VIS,44,B,0.3708609271523179
Bus-Binzel VIS,44,C,0.48148148148148145
Bus-Binzel VIS,44,Cb,0.2978723404255319
Bus-Binzel VIS,44,Cg,0.21052631578947367
Bus-Binzel VIS,44,Cgh,0.16326530612244897
Bus-Binzel VIS,44,Ch,0.5155555555555555
Bus-Binzel VIS,44,D,0.0
Bus-Binzel VIS,44,K,0.2826086956521739
Bus-Binzel VIS,44,L,0.5714285714285714
Bus-Binzel VIS,44,Ld,0.631578947368421
Bus-Binzel VIS,44,O,0.0
Bus-Binzel VIS,44,R,0.0
Bus-Binzel VIS,44,S,0.4315352697095436
Bus-Binzel VIS,44,Sa,0.48
Bus-Binzel VIS,44,Sk,0.3111111111111111
Bus-Binzel VIS,44,Sl,0.5454545454545454
Bus-Binzel VIS,44,Sq,0.625
Bus-Binzel VIS,44,Sr,0.4375
Bus-Binzel VIS,44,T,0.3333333333333333
Bus-Binzel VIS,44,V,0.6
Bus-Binzel VIS,44,X,0.47572815533980584
Bus-Binzel VIS,44,Xc,0.0
Bus-Binzel VIS,44,Xe,0.04838709677419355
Bus-Binzel VIS,44,Xk,0.45098039215686275
Bus-Binzel VIS,45,A,0.24561403508771928
Bus-Binzel VIS,45,B,0.3125
Bus-Binzel VIS,45,C,0.3886255924170616
Bus-Binzel VIS,45,Cb,0.2653061224489796
Bus-Binzel VIS,45,Cg,0.0
Bus-Binzel VIS,45,Cgh,0.16326530612244897
Bus-Binzel VIS,45,Ch,0.4810126582278481
Bus-Binzel VIS,45,D,0.0
Bus-Binzel VIS,45,K,0.2857142857142857
Bus-Binzel VIS,45,L,0.5538461538461539
Bus-Binzel VIS,45,Ld,0.7619047619047619
Bus-Binzel VIS,45,O,0.18181818181818182
Bus-Binzel VIS,45,R,0.6666666666666666
Bus-Binzel VIS,45,S,0.4008438818565401
Bus-Binzel VIS,45,Sa,0.4838709677419355
Bus-Binzel VIS,45,Sk,0.17721518987341772
Bus-Binzel VIS,45,Sl,0.48695652173913045
Bus-Binzel VIS,45,Sq,0.5783132530120482
Bus-Binzel VIS,45,Sr,0.043478260869565216
Bus-Binzel VIS,45,T,0.4897959183673469
Bus-Binzel VIS,45,V,0.5217391304347826
Bus-Binzel VIS,45,X,0.4528301886792453
Bus-Binzel VIS,45,Xc,0.348993288590604
Bus-Binzel VIS,45,Xe,0.01639344262295082
Bus-Binzel VIS,45,Xk,0.5494505494505495
Bus-Binzel VIS,46,A,0.7857142857142857
Bus-Binzel VIS,46,B,0.47368421052631576
Bus-Binzel VIS,46,C,0.45
Bus-Binzel VIS,46,Cb,0.0
Bus-Binzel VIS,46,Cg,0.16216216216216217
Bus-Binzel VIS,46,Cgh,0.15384615384615385
Bus-Binzel VIS,46,Ch,0.4244604316546763
Bus-Binzel VIS,46,D,0.0
Bus-Binzel VIS,46,K,0.21052631578947367
Bus-Binzel VIS,46,L,0.5161290322580645
Bus-Binzel VIS,46,Ld,0.6666666666666666
Bus-Binzel VIS,46,O,0.0
Bus-Binzel VIS,46,R,0.36363636363636365
Bus-Binzel VIS,46,S,0.44536082474226807
Bus-Binzel VIS,46,Sa,0.48
Bus-Binzel VIS,46,Sk,0.22
Bus-Binzel VIS,46,Sl,0.5631067961165048
Bus-Binzel VIS,46,Sq,0.6190476190476191
Bus-Binzel VIS,46,Sr,0.044444444444444446
Bus-Binzel VIS,46,T,0.5714285714285714
Bus-Binzel VIS,46,V,0.6
Bus-Binzel VIS,46,X,0.3048780487804878
Bus-Binzel VIS,46,Xc,0.35135135135135137
Bus-Binzel VIS,46,Xe,0.05309734513274336
Bus-Binzel VIS,46,Xk,0.5128205128205128
Bus-Binzel VIS,47,A,0.8275862068965517
Bus-Binzel VIS,47,B,0.4528301886792453
Bus-Binzel VIS,47,C,0.4711111111111111
Bus-Binzel VIS,47,Cb,0.12949640287769784
Bus-Binzel VIS,47,Cg,0.0
Bus-Binzel VIS,47,Cgh,0.0
Bus-Binzel VIS,47,Ch,0.5
Bus-Binzel VIS,47,D,0.6
Bus-Binzel VIS,47,K,0.25263157894736843
Bus-Binzel VIS,47,L,0.6206896551724138
Bus-Binzel VIS,47,Ld,0.5555555555555556
Bus-Binzel VIS,47,O,0.0
Bus-Binzel VIS,47,R,0.3076923076923077
Bus-Binzel VIS,47,S,0.3758099352051836
Bus-Binzel VIS,47,Sa,0.40625
Bus-Binzel VIS,47,Sk,0.40540540540540543
Bus-Binzel VIS,47,Sl,0.5
Bus-Binzel VIS,47,Sq,0.6153846153846154
Bus-Binzel VIS,47,Sr,0.09195402298850575
Bus-Binzel VIS,47,T,0.5833333333333334
Bus-Binzel VIS,47,V,0.7719298245614035
Bus-Binzel VIS,47,X,0.49514563106796117
Bus-Binzel VIS,47,Xc,0.27
Bus-Binzel VIS,47,Xe,0.038461538461538464
Bus-Binzel VIS,47,Xk,0.5376344086021505
Bus-Binzel VIS,48,A,0.7586206896551724
Bus-Binzel VIS,48,B,0.37575757575757573
Bus-Binzel VIS,48,C,0.49777777777777776
Bus-Binzel VIS,48,Cb,0.0
Bus-Binzel VIS,48,Cg,0.0
Bus-Binzel VIS,48,Cgh,0.16
Bus-Binzel VIS,48,Ch,0.5526315789473685
Bus-Binzel VIS,48,D,0.6666666666666666
Bus-Binzel VIS,48,K,0.2857142857142857
Bus-Binzel VIS,48,L,0.43478260869565216
Bus-Binzel VIS,48,Ld,0.6666666666666666
Bus-Binzel VIS,48,O,0.11764705882352941
Bus-Binzel VIS,48,R,0.0
Bus-Binzel VIS,48,S,0.37662337662337664
Bus-Binzel VIS,48,Sa,0.5142857142857142
Bus-Binzel VIS,48,Sk,0.375
Bus-Binzel VIS,48,Sl,0.1875
Bus-Binzel VIS,48,Sq,0.631578947368421
Bus-Binzel VIS,48,Sr,0.4666666666666667
Bus-Binzel VIS,48,T,0.37209302325581395
Bus-Binzel VIS,48,V,0.6122448979591837
Bus-Binzel VIS,48,X,0.49038461538461536
Bus-Binzel VIS,48,Xc,0.25961538461538464
Bus-Binzel VIS,48,Xe,0.0
Bus-Binzel VIS,48,Xk,0.5494505494505495
Bus-Binzel VIS,49,A,0.8275862068965517
Bus-Binzel VIS,49,B,0.3655913978494624
Bus-Binzel VIS,49,C,0.3787878787878788
Bus-Binzel VIS,49,Cb,0.12403100775193798
Bus-Binzel VIS,49,Cg,0.0
Bus-Binzel VIS,49,Cgh,0.0
Bus-Binzel VIS,49,Ch,0.41228070175438597
Bus-Binzel VIS,49,D,0.6
Bus-Binzel VIS,49,K,0.4
Bus-Binzel VIS,49,L,0.5964912280701754
Bus-Binzel VIS,49,Ld,0.5555555555555556
Bus-Binzel VIS,49,O,0.14285714285714285
Bus-Binzel VIS,49,R,0.0
Bus-Binzel VIS,49,S,0.3890063424947146
Bus-Binzel VIS,49,Sa,0.34375
Bus-Binzel VIS,49,Sk,0.1651376146788991
Bus-Binzel VIS,49,Sl,0.4948453608247423
Bus-Binzel VIS,49,Sq,0.7021276595744681
Bus-Binzel VIS,49,Sr,0.4375
Bus-Binzel VIS,49,T,0.6086956521739131
Bus-Binzel VIS,49,V,0.6122448979591837
Bus-Binzel VIS,49,X,0.5074626865671642
Bus-Binzel VIS,49,Xc,0.3546099290780142
Bus-Binzel VIS,49,Xe,0.04395604395604396
Bus-Binzel VIS,49,Xk,0.2828282828282828
Bus-Binzel VIS,50,A,0.5217391304347826
Bus-Binzel VIS,50,B,0.41333333333333333
Bus-Binzel VIS,50,C,0.5422535211267606
Bus-Binzel VIS,50,Cb,0.12048192771084337
Bus-Binzel VIS,50,Cg,0.0
Bus-Binzel VIS,50,Cgh,0.16666666666666666
Bus-Binzel VIS,50,Ch,0.5306122448979592
Bus-Binzel VIS,50,D,0.3783783783783784
Bus-Binzel VIS,50,K,0.12173913043478261
Bus-Binzel VIS,50,L,0.47619047619047616
Bus-Binzel VIS,50,Ld,0.631578947368421
Bus-Binzel VIS,50,O,0.15384615384615385
Bus-Binzel VIS,50,R,0.36363636363636365
Bus-Binzel VIS,50,S,0.45807770961145194
Bus-Binzel VIS,50,Sa,0.4838709677419355
Bus-Binzel VIS,50,Sk,0.22535211267605634
Bus-Binzel VIS,50,Sl,0.5370370370370371
Bus-Binzel VIS,50,Sq,0.6190476190476191
Bus-Binzel VIS,50,Sr,0.12048192771084337
Bus-Binzel VIS,50,T,0.0
Bus-Binzel VIS,50,V,0.5531914893617021
Bus-Binzel VIS,50,X,0.47058823529411764
Bus-Binzel VIS,50,Xc,0.1322314049586777
Bus-Binzel VIS,50,Xe,0.0
Bus-Binzel VIS,50,Xk,0.45454545454545453
DeMeo VIS-NIR,2,A,0.2391304347826087
DeMeo VIS-NIR,2,B,0.6363636363636364
DeMeo VIS-NIR,2,Cb,0.3822843822843823
DeMeo VIS-NIR,2,Ch,0.48444444444444446
DeMeo VIS-NIR,2,D,0.43103448275862066
DeMeo VIS-NIR,2,K,0.3341902313624679
DeMeo VIS-NIR,2,L,0.0
DeMeo VIS-NIR,2,O,0.18181818181818182
DeMeo VIS-NIR,2,Q,0.2716627634660422
DeMeo VIS-NIR,2,S,0.4077669902912621
DeMeo VIS-NIR,2,Sa,0.13725490196078433
DeMeo VIS-NIR,2,Sq,0.0
DeMeo VIS-NIR,2,Sr,0.008032128514056224
DeMeo VIS-NIR,2,Sv,0.36065573770491804
DeMeo VIS-NIR,2,T,0.3003412969283277
DeMeo VIS-NIR,2,V,0.5443037974683544
DeMeo VIS-NIR,2,X,0.2119815668202765
DeMeo VIS-NIR,2,Xc,0.0
DeMeo VIS-NIR,2,Xe,0.35694050991501414
DeMeo VIS-NIR,2,Xk,0.23693379790940766
DeMeo VIS-NIR,2,Xn,0.0
DeMeo VIS-NIR,3,A,0.7169811320754716
DeMeo VIS-NIR,3,B,0.6608695652173913
DeMeo VIS-NIR,3,Cb,0.3951219512195122
DeMeo VIS-NIR,3,Ch,0.5047619047619047
DeMeo VIS-NIR,3,D,0.4663677130044843
DeMeo VIS-NIR,3,K,0.37640449438202245
DeMeo VIS-NIR,3,L,0.0
DeMeo VIS-NIR,3,O,0.17391304347826086
DeMeo VIS-NIR,3,Q,0.6642066420664207
DeMeo VIS-NIR,3,S,0.0
DeMeo VIS-NIR,3,Sa,0.08
DeMeo VIS-NIR,3,Sq,0.0
DeMeo VIS-NIR,3,Sr,0.3190883190883191
DeMeo VIS-NIR,3,Sv,0.24691358024691357
DeMeo VIS-NIR,3,T,0.3869047619047619
DeMeo VIS-NIR,3,V,0.6227544910179641
DeMeo VIS-NIR,3,X,0.0
DeMeo VIS-NIR,3,Xc,0.0
DeMeo VIS-NIR,3,Xe,0.35714285714285715
DeMeo VIS-NIR,3,Xk,0.2422145328719723
DeMeo VIS-NIR,3,Xn,0.18125
DeMeo VIS-NIR,4,A,0.6923076923076923
DeMeo VIS-NIR,4,B,0.5240641711229946
DeMeo VIS-NIR,4,Cb,0.5202312138728323
DeMeo VIS-NIR,4,Ch,0.584493041749503
DeMeo VIS-NIR,4,D,0.5508474576271186
DeMeo VIS-NIR,4,K,0.4127906976744186
DeMeo VIS-NIR,4,L,0.0
DeMeo VIS-NIR,4,O,0.17391304347826086
DeMeo VIS-NIR,4,Q,0.7038327526132404
DeMeo VIS-NIR,4,S,0.0
DeMeo VIS-NIR,4,Sa,0.0
DeMeo VIS-NIR,4,Sq,0.0
DeMeo VIS-NIR,4,Sr,0.4064665127020785
DeMeo VIS-NIR,4,Sv,0.3130434782608696
DeMeo VIS-NIR,4,T,0.3413848631239936
DeMeo VIS-NIR,4,V,0.6227544910179641
DeMeo VIS-NIR,4,X,0.2634730538922156
DeMeo VIS-NIR,4,Xc,0.23048327137546468
DeMeo VIS-NIR,4,Xe,0.41706161137440756
DeMeo VIS-NIR,4,Xk,0.2462686567164179
DeMeo VIS-NIR,4,Xn,0.0
DeMeo VIS-NIR,5,A,0.6923076923076923
DeMeo VIS-NIR,5,B,0.5185185185185185
DeMeo VIS-NIR,5,Cb,0.5378151260504201
DeMeo VIS-NIR,5,Ch,0.5847953216374269
DeMeo VIS-NIR,5,D,0.48034934497816595
DeMeo VIS-NIR,5,K,0.43343653250773995
DeMeo VIS-NIR,5,L,0.0
DeMeo VIS-NIR,5,O,0.17142857142857143
DeMeo VIS-NIR,5,Q,0.7058823529411765
DeMeo VIS-NIR,5,S,0.0
DeMeo VIS-NIR,5,Sa,0.10218978102189781
DeMeo VIS-NIR,5,Sq,0.0
DeMeo VIS-NIR,5,Sr,0.4207920792079208
DeMeo VIS-NIR,5,Sv,0.3488372093023256
DeMeo VIS-NIR,5,T,0.43267776096822996
DeMeo VIS-NIR,5,V,0.6227544910179641
DeMeo VIS-NIR,5,X,0.0
DeMeo VIS-NIR,5,Xc,0.21818181818181817
DeMeo VIS-NIR,5,Xe,0.4213075060532688
DeMeo VIS-NIR,5,Xk,0.24548736462093862
DeMeo VIS-NIR,5,Xn,0.0
DeMeo VIS-NIR,6,A,0.6923076923076923
DeMeo VIS-NIR,6,B,0.5130890052356021
DeMeo VIS-NIR,6,Cb,0.5077720207253886
DeMeo VIS-NIR,6,Ch,0.5984848484848485
DeMeo VIS-NIR,6,D,0.5258620689655172
DeMeo VIS-NIR,6,K,0.4308510638297872
DeMeo VIS-NIR,6,L,0.0
DeMeo VIS-NIR,6,O,0.17391304347826086
DeMeo VIS-NIR,6,Q,0.7103448275862069
DeMeo VIS-NIR,6,S,0.3247863247863248
DeMeo VIS-NIR,6,Sa,0.04918032786885246
DeMeo VIS-NIR,6,Sq,0.0
DeMeo VIS-NIR,6,Sr,0.38461538461538464
DeMeo VIS-NIR,6,Sv,0.38285714285714284
DeMeo VIS-NIR,6,T,0.37398373983739835
DeMeo VIS-NIR,6,V,0.6227544910179641
DeMeo VIS-NIR,6,X,0.0
DeMeo VIS-NIR,6,Xc,0.0
DeMeo VIS-NIR,6,Xe,0.41545893719806765
DeMeo VIS-NIR,6,Xk,0.24548736462093862
DeMeo VIS-NIR,6,Xn,0.0
DeMeo VIS-NIR,7,A,0.6923076923076923
DeMeo VIS-NIR,7,B,0.5157894736842106
DeMeo VIS-NIR,7,Cb,0.5243243243243243
DeMeo VIS-NIR,7,Ch,0.5977443609022557
DeMeo VIS-NIR,7,D,0.4824561403508772
DeMeo VIS-NIR,7,K,0.46204620462046203
DeMeo VIS-NIR,7,L,0.0
DeMeo VIS-NIR,7,O,0.17391304347826086
DeMeo VIS-NIR,7,Q,0.7058823529411765
DeMeo VIS-NIR,7,S,0.20526315789473684
DeMeo VIS-NIR,7,Sa,0.046153846153846156
DeMeo VIS-NIR,7,Sq,0.0
DeMeo VIS-NIR,7,Sr,0.40294840294840295
DeMeo VIS-NIR,7,Sv,0.38202247191011235
DeMeo VIS-NIR,7,T,0.38387096774193546
DeMeo VIS-NIR,7,V,0.6227544910179641
DeMeo VIS-NIR,7,X,0.0
DeMeo VIS-NIR,7,Xc,0.0
DeMeo VIS-NIR,7,Xe,0.4418052256532066
DeMeo VIS-NIR,7,Xk,0.24372759856630824
DeMeo VIS-NIR,7,Xn,0.0
DeMeo VIS-NIR,8,A,0.6923076923076923
DeMeo VIS-NIR,8,B,0.5240641711229946
DeMeo VIS-NIR,8,Cb,0.5378151260504201
DeMeo VIS-NIR,8,Ch,0.5798816568047337
DeMeo VIS-NIR,8,D,0.5470085470085471
DeMeo VIS-NIR,8,K,0.4101123595505618
DeMeo VIS-NIR,8,L,0.0
DeMeo VIS-NIR,8,O,0.16901408450704225
DeMeo VIS-NIR,8,Q,0.71280276816609
DeMeo VIS-NIR,8,S,0.31784841075794623
DeMeo VIS-NIR,8,Sa,0.10071942446043165
DeMeo VIS-NIR,8,Sq,0.0
DeMeo VIS-NIR,8,Sr,0.39226519337016574
DeMeo VIS-NIR,8,Sv,0.3592814371257485
DeMeo VIS-NIR,8,T,0.423963133640553
DeMeo VIS-NIR,8,V,0.6390532544378699
DeMeo VIS-NIR,8,X,0.0
DeMeo VIS-NIR,8,Xc,0.0
DeMeo VIS-NIR,8,Xe,0.31155778894472363
DeMeo VIS-NIR,8,Xk,0.24444444444444444
DeMeo VIS-NIR,8,Xn,0.0
DeMeo VIS-NIR,9,A,0.7636363636363637
DeMeo VIS-NIR,9,B,0.5185185185185185
DeMeo VIS-NIR,9,Cb,0.4271356783919598
DeMeo VIS-NIR,9,Ch,0.5868725868725869
DeMeo VIS-NIR,9,D,0.45045045045045046
DeMeo VIS-NIR,9,K,0.35714285714285715
DeMeo VIS-NIR,9,L,0.0
DeMeo VIS-NIR,9,O,0.17391304347826086
DeMeo VIS-NIR,9,Q,0.71280276816609
DeMeo VIS-NIR,9,S,0.19154929577464788
DeMeo VIS-NIR,9,Sa,0.07692307692307693
DeMeo VIS-NIR,9,Sq,0.0
DeMeo VIS-NIR,9,Sr,0.4195121951219512
DeMeo VIS-NIR,9,Sv,0.2865671641791045
DeMeo VIS-NIR,9,T,0.34210526315789475
DeMeo VIS-NIR,9,V,0.6227544910179641
DeMeo VIS-NIR,9,X,0.23728813559322035
DeMeo VIS-NIR,9,Xc,0.0
DeMeo VIS-NIR,9,Xe,0.42783505154639173
DeMeo VIS-NIR,9,Xk,0.2696629213483146
DeMeo VIS-NIR,9,Xn,0.0
DeMeo VIS-NIR,10,A,0.5660377358490566
DeMeo VIS-NIR,10,B,0.5157894736842106
DeMeo VIS-NIR,10,Cb,0.5145888594164456
DeMeo VIS-NIR,10,Ch,0.5962264150943396
DeMeo VIS-NIR,10,D,0.4690265486725664
DeMeo VIS-NIR,10,K,0.4151898734177215
DeMeo VIS-NIR,10,L,0.0
DeMeo VIS-NIR,10,O,0.17391304347826086
DeMeo VIS-NIR,10,Q,0.7079037800687286
DeMeo VIS-NIR,10,S,0.30547550432276654
DeMeo VIS-NIR,10,Sa,0.0
DeMeo VIS-NIR,10,Sq,0.0
DeMeo VIS-NIR,10,Sr,0.3418803418803419
DeMeo VIS-NIR,10,Sv,0.37822349570200575
DeMeo VIS-NIR,10,T,0.3818770226537217
DeMeo VIS-NIR,10,V,0.6227544910179641
DeMeo VIS-NIR,10,X,0.0
DeMeo VIS-NIR,10,Xc,0.0
DeMeo VIS-NIR,10,Xe,0.41626794258373206
DeMeo VIS-NIR,10,Xk,0.25089605734767023
DeMeo VIS-NIR,10,Xn,0.0
DeMeo VIS-NIR,11,A,0.6923076923076923
DeMeo VIS-NIR,11,B,0.5157894736842106
DeMeo VIS-NIR,11,Cb,0.41262135922330095
DeMeo VIS-NIR,11,Ch,0.5779467680608364
DeMeo VIS-NIR,11,D,0.46153846153846156
DeMeo VIS-NIR,11,K,0.0
DeMeo VIS-NIR,11,L,0.0
DeMeo VIS-NIR,11,O,0.16666666666666666
DeMeo VIS-NIR,11,Q,0.7098976109215017
DeMeo VIS-NIR,11,S,0.3341176470588235
DeMeo VIS-NIR,11,Sa,0.05172413793103448
DeMeo VIS-NIR,11,Sq,0.0
DeMeo VIS-NIR,11,Sr,0.35135135135135137
DeMeo VIS-NIR,11,Sv,0.3867069486404834
DeMeo VIS-NIR,11,T,0.4
DeMeo VIS-NIR,11,V,0.6549707602339181
DeMeo VIS-NIR,11,X,0.24581005586592178
DeMeo VIS-NIR,11,Xc,0.0
DeMeo VIS-NIR,11,Xe,0.3690205011389522
DeMeo VIS-NIR,11,Xk,0.254416961130742
DeMeo VIS-NIR,11,Xn,0.0
DeMeo VIS-NIR,12,A,0.6923076923076923
DeMeo VIS-NIR,12,B,0.5157894736842106
DeMeo VIS-NIR,12,Cb,0.5300546448087432
DeMeo VIS-NIR,12,Ch,0.5962264150943396
DeMeo VIS-NIR,12,D,0.5470085470085471
DeMeo VIS-NIR,12,K,0.46357615894039733
DeMeo VIS-NIR,12,L,0.0
DeMeo VIS-NIR,12,O,0.16666666666666666
DeMeo VIS-NIR,12,Q,0.7013888888888888
DeMeo VIS-NIR,12,S,0.20051413881748073
DeMeo VIS-NIR,12,Sa,0.10294117647058823
DeMeo VIS-NIR,12,Sq,0.0
DeMeo VIS-NIR,12,Sr,0.40594059405940597
DeMeo VIS-NIR,12,Sv,0.4
DeMeo VIS-NIR,12,T,0.42022116903633494
DeMeo VIS-NIR,12,V,0.6060606060606061
DeMeo VIS-NIR,12,X,0.0
DeMeo VIS-NIR,12,Xc,0.0
DeMeo VIS-NIR,12,Xe,0.4261501210653753
DeMeo VIS-NIR,12,Xk,0.24548736462093862
DeMeo VIS-NIR,12,Xn,0.0
DeMeo VIS-NIR,13,A,0.6923076923076923
DeMeo VIS-NIR,13,B,0.6495726495726496
DeMeo VIS-NIR,13,Cb,0.5026455026455027
DeMeo VIS-NIR,13,Ch,0.5083932853717026
DeMeo VIS-NIR,13,D,0.5508474576271186
DeMeo VIS-NIR,13,K,0.3333333333333333
DeMeo VIS-NIR,13,L,0.0
DeMeo VIS-NIR,13,O,0.16666666666666666
DeMeo VIS-NIR,13,Q,0.6877192982456141
DeMeo VIS-NIR,13,S,0.192
DeMeo VIS-NIR,13,Sa,0.10465116279069768
DeMeo VIS-NIR,13,Sq,0.0
DeMeo VIS-NIR,13,Sr,0.40389294403892945
DeMeo VIS-NIR,13,Sv,0.1437908496732026
DeMeo VIS-NIR,13,T,0.4155124653739612
DeMeo VIS-NIR,13,V,0.6705202312138728
DeMeo VIS-NIR,13,X,0.0
DeMeo VIS-NIR,13,Xc,0.18122977346278318
DeMeo VIS-NIR,13,Xe,0.4423529411764706
DeMeo VIS-NIR,13,Xk,0.29304029304029305
DeMeo VIS-NIR,13,Xn,0.0
DeMeo VIS-NIR,14,A,0.6923076923076923
DeMeo VIS-NIR,14,B,0.5157894736842106
DeMeo VIS-NIR,14,Cb,0.5038560411311054
DeMeo VIS-NIR,14,Ch,0.5996204933586338
DeMeo VIS-NIR,14,D,0.5470085470085471
DeMeo VIS-NIR,14,K,0.44242424242424244
DeMeo VIS-NIR,14,L,0.0
DeMeo VIS-NIR,14,O,0.17391304347826086
DeMeo VIS-NIR,14,Q,0.7152777777777778
DeMeo VIS-NIR,14,S,0.30809399477806787
DeMeo VIS-NIR,14,Sa,0.09090909090909091
DeMeo VIS-NIR,14,Sq,0.0
DeMeo VIS-NIR,14,Sr,0.3407821229050279
DeMeo VIS-NIR,14,Sv,0.40540540540540543
DeMeo VIS-NIR,14,T,0.43902439024390244
DeMeo VIS-NIR,14,V,0.6227544910179641
DeMeo VIS-NIR,14,X,0.0
DeMeo VIS-NIR,14,Xc,0.0
DeMeo VIS-NIR,14,Xe,0.4449877750611247
DeMeo VIS-NIR,14,Xk,0.2589928057553957
DeMeo VIS-NIR,14,Xn,0.0
DeMeo VIS-NIR,15,A,0.7636363636363637
DeMeo VIS-NIR,15,B,0.5157894736842106
DeMeo VIS-NIR,15,Cb,0.4318766066838046
DeMeo VIS-NIR,15,Ch,0.583011583011583
DeMeo VIS-NIR,15,D,0.45045045045045046
DeMeo VIS-NIR,15,K,0.42162162162162165
DeMeo VIS-NIR,15,L,0.0
DeMeo VIS-NIR,15,O,0.16901408450704225
DeMeo VIS-NIR,15,Q,0.7152777777777778
DeMeo VIS-NIR,15,S,0.30994152046783624
DeMeo VIS-NIR,15,Sa,0.11570247933884298
DeMeo VIS-NIR,15,Sq,0.0
DeMeo VIS-NIR,15,Sr,0.34104046242774566
DeMeo VIS-NIR,15,Sv,0.38095238095238093
DeMeo VIS-NIR,15,T,0.4062992125984252
DeMeo VIS-NIR,15,V,0.6627906976744186
DeMeo VIS-NIR,15,X,0.23728813559322035
DeMeo VIS-NIR,15,Xc,0.0
DeMeo VIS-NIR,15,Xe,0.45698924731182794
DeMeo VIS-NIR,15,Xk,0.23826714801444043
DeMeo VIS-NIR,15,Xn,0.0
DeMeo VIS-NIR,16,A,0.7636363636363637
DeMeo VIS-NIR,16,B,0.5185185185185185
DeMeo VIS-NIR,16,Cb,0.484149855907781
DeMeo VIS-NIR,16,Ch,0.5996131528046421
DeMeo VIS-NIR,16,D,0.4669603524229075
DeMeo VIS-NIR,16,K,0.39900249376558605
DeMeo VIS-NIR,16,L,0.0
DeMeo VIS-NIR,16,O,0.16216216216216217
DeMeo VIS-NIR,16,Q,0.7210884353741497
DeMeo VIS-NIR,16,S,0.30903790087463556
DeMeo VIS-NIR,16,Sa,0.22950819672131148
DeMeo VIS-NIR,16,Sq,0.0
DeMeo VIS-NIR,16,Sr,0.30144927536231886
DeMeo VIS-NIR,16,Sv,0.14473684210526316
DeMeo VIS-NIR,16,T,0.3418803418803419
DeMeo VIS-NIR,16,V,0.6627906976744186
DeMeo VIS-NIR,16,X,0.21839080459770116
DeMeo VIS-NIR,16,Xc,0.0
DeMeo VIS-NIR,16,Xe,0.4400977995110024
DeMeo VIS-NIR,16,Xk,0.2426470588235294
DeMeo VIS-NIR,16,Xn,0.0
DeMeo VIS-NIR,17,A,0.6923076923076923
DeMeo VIS-NIR,17,B,0.5130890052356021
DeMeo VIS-NIR,17,Cb,0.42857142857142855
DeMeo VIS-NIR,17,Ch,0.5807692307692308
DeMeo VIS-NIR,17,D,0.5407725321888412
DeMeo VIS-NIR,17,K,0.0
DeMeo VIS-NIR,17,L,0.0
DeMeo VIS-NIR,17,O,0.16901408450704225
DeMeo VIS-NIR,17,Q,0.7189542483660131
DeMeo VIS-NIR,17,S,0.30569948186528495
DeMeo VIS-NIR,17,Sa,0.1076923076923077
DeMeo VIS-NIR,17,Sq,0.0
DeMeo VIS-NIR,17,Sr,0.33695652173913043
DeMeo VIS-NIR,17,Sv,0.2881844380403458
DeMeo VIS-NIR,17,T,0.3931888544891641
DeMeo VIS-NIR,17,V,0.6390532544378699
DeMeo VIS-NIR,17,X,0.23728813559322035
DeMeo VIS-NIR,17,Xc,0.0
DeMeo VIS-NIR,17,Xe,0.54627539503386
DeMeo VIS-NIR,17,Xk,0.26523297491039427
DeMeo VIS-NIR,17,Xn,0.0
DeMeo VIS-NIR,18,A,0.6666666666666666
DeMeo VIS-NIR,18,B,0.5212765957446809
DeMeo VIS-NIR,18,Cb,0.5254691689008043
DeMeo VIS-NIR,18,Ch,0.5992366412213741
DeMeo VIS-NIR,18,D,0.45217391304347826
DeMeo VIS-NIR,18,K,0.46464646464646464
DeMeo VIS-NIR,18,L,0.0
DeMeo VIS-NIR,18,O,0.17391304347826086
DeMeo VIS-NIR,18,Q,0.7222222222222222
DeMeo VIS-NIR,18,S,0.21483375959079284
DeMeo VIS-NIR,18,Sa,0.25
DeMeo VIS-NIR,18,Sq,0.0
DeMeo VIS-NIR,18,Sr,0.40987654320987654
DeMeo VIS-NIR,18,Sv,0.3064066852367688
DeMeo VIS-NIR,18,T,0.2678260869565217
DeMeo VIS-NIR,18,V,0.6227544910179641
DeMeo VIS-NIR,18,X,0.0
DeMeo VIS-NIR,18,Xc,0.0
DeMeo VIS-NIR,18,Xe,0.43309002433090027
DeMeo VIS-NIR,18,Xk,0.25622775800711745
DeMeo VIS-NIR,18,Xn,0.0
DeMeo VIS-NIR,19,A,0.6666666666666666
DeMeo VIS-NIR,19,B,0.5157894736842106
DeMeo VIS-NIR,19,Cb,0.5260273972602739
DeMeo VIS-NIR,19,Ch,0.5962264150943396
DeMeo VIS-NIR,19,D,0.44052863436123346
DeMeo VIS-NIR,19,K,0.4584717607973422
DeMeo VIS-NIR,19,L,0.0
DeMeo VIS-NIR,19,O,0.17391304347826086
DeMeo VIS-NIR,19,Q,0.7058823529411765
DeMeo VIS-NIR,19,S,0.21428571428571427
DeMeo VIS-NIR,19,Sa,0.2653061224489796
DeMeo VIS-NIR,19,Sq,0.0
DeMeo VIS-NIR,19,Sr,0.41362530413625304
DeMeo VIS-NIR,19,Sv,0.3626062322946176
DeMeo VIS-NIR,19,T,0.30716723549488056
DeMeo VIS-NIR,19,V,0.6227544910179641
DeMeo VIS-NIR,19,X,0.0
DeMeo VIS-NIR,19,Xc,0.0
DeMeo VIS-NIR,19,Xe,0.43950617283950616
DeMeo VIS-NIR,19,Xk,0.24199288256227758
DeMeo VIS-NIR,19,Xn,0.0
DeMeo VIS-NIR,20,A,0.6923076923076923
DeMeo VIS-NIR,20,B,0.5268817204301075
DeMeo VIS-NIR,20,Cb,0.509090909090909
DeMeo VIS-NIR,20,Ch,0.6023622047244095
DeMeo VIS-NIR,20,D,0.6072874493927125
DeMeo VIS-NIR,20,K,0.4359673024523161
DeMeo VIS-NIR,20,L,0.0
DeMeo VIS-NIR,20,O,0.16666666666666666
DeMeo VIS-NIR,20,Q,0.7167235494880546
DeMeo VIS-NIR,20,S,0.34146341463414637
DeMeo VIS-NIR,20,Sa,0.05357142857142857
DeMeo VIS-NIR,20,Sq,0.0
DeMeo VIS-NIR,20,Sr,0.3804347826086957
DeMeo VIS-NIR,20,Sv,0.3652173913043478
DeMeo VIS-NIR,20,T,0.3751987281399046
DeMeo VIS-NIR,20,V,0.6705202312138728
DeMeo VIS-NIR,20,X,0.25396825396825395
DeMeo VIS-NIR,20,Xc,0.0
DeMeo VIS-NIR,20,Xe,0.3875968992248062
DeMeo VIS-NIR,20,Xk,0.23272727272727273
DeMeo VIS-NIR,20,Xn,0.0
DeMeo VIS-NIR,21,A,0.6666666666666666
DeMeo VIS-NIR,21,B,0.5157894736842106
DeMeo VIS-NIR,21,Cb,0.521505376344086
DeMeo VIS-NIR,21,Ch,0.5973534971644613
DeMeo VIS-NIR,21,D,0.5172413793103449
DeMeo VIS-NIR,21,K,0.47058823529411764
DeMeo VIS-NIR,21,L,0.0
DeMeo VIS-NIR,21,O,0.16666666666666666
DeMeo VIS-NIR,21,Q,0.7103448275862069
DeMeo VIS-NIR,21,S,0.291970802919708
DeMeo VIS-NIR,21,Sa,0.13861386138613863
DeMeo VIS-NIR,21,Sq,0.0
DeMeo VIS-NIR,21,Sr,0.3756906077348066
DeMeo VIS-NIR,21,Sv,0.38636363636363635
DeMeo VIS-NIR,21,T,0.3993808049535604
DeMeo VIS-NIR,21,V,0.6781609195402298
DeMeo VIS-NIR,21,X,0.01098901098901099
DeMeo VIS-NIR,21,Xc,0.0
DeMeo VIS-NIR,21,Xe,0.46601941747572817
DeMeo VIS-NIR,21,Xk,0.2589928057553957
DeMeo VIS-NIR,21,Xn,0.0
DeMeo VIS-NIR,22,A,0.6923076923076923
DeMeo VIS-NIR,22,B,0.5157894736842106
DeMeo VIS-NIR,22,Cb,0.5187165775401069
DeMeo VIS-NIR,22,Ch,0.5992366412213741
DeMeo VIS-NIR,22,D,0.44545454545454544
DeMeo VIS-NIR,22,K,0.3623853211009174
DeMeo VIS-NIR,22,L,0.0
DeMeo VIS-NIR,22,O,0.16901408450704225
DeMeo VIS-NIR,22,Q,0.7167235494880546
DeMeo VIS-NIR,22,S,0.2949852507374631
DeMeo VIS-NIR,22,Sa,0.08247422680412371
DeMeo VIS-NIR,22,Sq,0.0
DeMeo VIS-NIR,22,Sr,0.28994082840236685
DeMeo VIS-NIR,22,Sv,0.11067193675889328
DeMeo VIS-NIR,22,T,0.3873626373626374
DeMeo VIS-NIR,22,V,0.6627906976744186
DeMeo VIS-NIR,22,X,0.0
DeMeo VIS-NIR,22,Xc,0.0
DeMeo VIS-NIR,22,Xe,0.4238095238095238
DeMeo VIS-NIR,22,Xk,0.2611683848797251
DeMeo VIS-NIR,22,Xn,0.0
DeMeo VIS-NIR,23,A,0.64
DeMeo VIS-NIR,23,B,0.5680473372781065
DeMeo VIS-NIR,23,Cb,0.5614035087719298
DeMeo VIS-NIR,23,Ch,0.6309523809523809
DeMeo VIS-NIR,23,D,0.44052863436123346
DeMeo VIS-NIR,23,K,0.4421052631578947
DeMeo VIS-NIR,23,L,0.0
DeMeo VIS-NIR,23,O,0.1643835616438356
DeMeo VIS-NIR,23,Q,0.7152777777777778
DeMeo VIS-NIR,23,S,0.32786885245901637
DeMeo VIS-NIR,23,Sa,0.07339449541284404
DeMeo VIS-NIR,23,Sq,0.0
DeMeo VIS-NIR,23,Sr,0.3492957746478873
DeMeo VIS-NIR,23,Sv,0.36904761904761907
DeMeo VIS-NIR,23,T,0.38791732909379967
DeMeo VIS-NIR,23,V,0.6627906976744186
DeMeo VIS-NIR,23,X,0.23783783783783785
DeMeo VIS-NIR,23,Xc,0.0
DeMeo VIS-NIR,23,Xe,0.4143222506393862
DeMeo VIS-NIR,23,Xk,0.22145328719723184
DeMeo VIS-NIR,23,Xn,0.0
DeMeo VIS-NIR,24,A,0.6666666666666666
DeMeo VIS-NIR,24,B,0.5268817204301075
DeMeo VIS-NIR,24,Cb,0.5423728813559322
DeMeo VIS-NIR,24,Ch,0.5821782178217821
DeMeo VIS-NIR,24,D,0.5172413793103449
DeMeo VIS-NIR,24,K,0.40233236151603496
DeMeo VIS-NIR,24,L,0.0
DeMeo VIS-NIR,24,O,0.16901408450704225
DeMeo VIS-NIR,24,Q,0.71280276816609
DeMeo VIS-NIR,24,S,0.1794871794871795
DeMeo VIS-NIR,24,Sa,0.11290322580645161
DeMeo VIS-NIR,24,Sq,0.0
DeMeo VIS-NIR,24,Sr,0.3817204301075269
DeMeo VIS-NIR,24,Sv,0.20253164556962025
DeMeo VIS-NIR,24,T,0.37201907790143085
DeMeo VIS-NIR,24,V,0.6060606060606061
DeMeo VIS-NIR,24,X,0.0
DeMeo VIS-NIR,24,Xc,0.2271062271062271
DeMeo VIS-NIR,24,Xe,0.37188208616780044
DeMeo VIS-NIR,24,Xk,0.23616236162361623
DeMeo VIS-NIR,24,Xn,0.0
DeMeo VIS-NIR,25,A,0.6666666666666666
DeMeo VIS-NIR,25,B,0.5268817204301075
DeMeo VIS-NIR,25,Cb,0.5423728813559322
DeMeo VIS-NIR,25,Ch,0.5821782178217821
DeMeo VIS-NIR,25,D,0.5172413793103449
DeMeo VIS-NIR,25,K,0.40233236151603496
DeMeo VIS-NIR,25,L,0.0
DeMeo VIS-NIR,25,O,0.16901408450704225
DeMeo VIS-NIR,25,Q,0.71280276816609
DeMeo VIS-NIR,25,S,0.1794871794871795
DeMeo VIS-NIR,25,Sa,0.11290322580645161
DeMeo VIS-NIR,25,Sq,0.0
DeMeo VIS-NIR,25,Sr,0.3817204301075269
DeMeo VIS-NIR,25,Sv,0.20253164556962025
DeMeo VIS-NIR,25,T,0.37201907790143085
DeMeo VIS-NIR,25,V,0.6060606060606061
DeMeo VIS-NIR,25,X,0.0
DeMeo VIS-NIR,25,Xc,0.2271062271062271
DeMeo VIS-NIR,25,Xe,0.37188208616780044
DeMeo VIS-NIR,25,Xk,0.23616236162361623
DeMeo VIS-NIR,25,Xn,0.0
DeMeo VIS-NIR,26,A,0.6666666666666666
DeMeo VIS-NIR,26,B,0.5268817204301075
DeMeo VIS-NIR,26,Cb,0.5423728813559322
DeMeo VIS-NIR,26,Ch,0.5821782178217821
DeMeo VIS-NIR,26,D,0.5172413793103449
DeMeo VIS-NIR,26,K,0.40233236151603496
DeMeo VIS-NIR,26,L,0.0
DeMeo VIS-NIR,26,O,0.16901408450704225
DeMeo VIS-NIR,26,Q,0.71280276816609
DeMeo VIS-NIR,26,S,0.1794871794871795
DeMeo VIS-NIR,26,Sa,0.11290322580645161
DeMeo VIS-NIR,26,Sq,0.0
DeMeo VIS-NIR,26,Sr,0.3817204301075269
DeMeo VIS-NIR,26,Sv,0.20253164556962025
DeMeo VIS-NIR,26,T,0.37201907790143085
DeMeo VIS-NIR,26,V,0.6060606060606061
DeMeo VIS-NIR,26,X,0.0
DeMeo VIS-NIR,26,Xc,0.2271062271062271
DeMeo VIS-NIR,26,Xe,0.37188208616780044
DeMeo VIS-NIR,26,Xk,0.23616236162361623
DeMeo VIS-NIR,26,Xn,0.0
DeMeo VIS-NIR,27,A,0.5660377358490566
DeMeo VIS-NIR,27,B,0.5268817204301075
DeMeo VIS-NIR,27,Cb,0.5356125356125356
DeMeo VIS-NIR,27,Ch,0.5849802371541502
DeMeo VIS-NIR,27,D,0.5446808510638298
DeMeo VIS-NIR,27,K,0.4226190476190476
DeMeo VIS-NIR,27,L,0.0
DeMeo VIS-NIR,27,O,0.16901408450704225
DeMeo VIS-NIR,27,Q,0.7083333333333334
DeMeo VIS-NIR,27,S,0.0
DeMeo VIS-NIR,27,Sa,0.03821656050955414
DeMeo VIS-NIR,27,Sq,0.0
DeMeo VIS-NIR,27,Sr,0.39803439803439805
DeMeo VIS-NIR,27,Sv,0.40559440559440557
DeMeo VIS-NIR,27,T,0.45440956651718983
DeMeo VIS-NIR,27,V,0.6627906976744186
DeMeo VIS-NIR,27,X,0.0
DeMeo VIS-NIR,27,Xc,0.22302158273381295
DeMeo VIS-NIR,27,Xe,0.4075829383886256
DeMeo VIS-NIR,27,Xk,0.24087591240875914
DeMeo VIS-NIR,27,Xn,0.0
DeMeo VIS-NIR,28,A,0.5660377358490566
DeMeo VIS-NIR,28,B,0.5268817204301075
DeMeo VIS-NIR,28,Cb,0.5356125356125356
DeMeo VIS-NIR,28,Ch,0.5849802371541502
DeMeo VIS-NIR,28,D,0.5446808510638298
DeMeo VIS-NIR,28,K,0.4226190476190476
DeMeo VIS-NIR,28,L,0.0
DeMeo VIS-NIR,28,O,0.16901408450704225
DeMeo VIS-NIR,28,Q,0.7083333333333334
DeMeo VIS-NIR,28,S,0.0
DeMeo VIS-NIR,28,Sa,0.03821656050955414
DeMeo VIS-NIR,28,Sq,0.0
DeMeo VIS-NIR,28,Sr,0.39803439803439805
DeMeo VIS-NIR,28,Sv,0.40559440559440557
DeMeo VIS-NIR,28,T,0.45440956651718983
DeMeo VIS-NIR,28,V,0.6627906976744186
DeMeo VIS-NIR,28,X,0.0
DeMeo VIS-NIR,28,Xc,0.22302158273381295
DeMeo VIS-NIR,28,Xe,0.4075829383886256
DeMeo VIS-NIR,28,Xk,0.24087591240875914
DeMeo VIS-NIR,28,Xn,0.0
DeMeo VIS-NIR,29,A,0.5660377358490566
DeMeo VIS-NIR,29,B,0.5268817204301075
DeMeo VIS-NIR,29,Cb,0.5356125356125356
DeMeo VIS-NIR,29,Ch,0.5849802371541502
DeMeo VIS-NIR,29,D,0.5446808510638298
DeMeo VIS-NIR,29,K,0.4226190476190476
DeMeo VIS-NIR,29,L,0.0
DeMeo VIS-NIR,29,O,0.16901408450704225
DeMeo VIS-NIR,29,Q,0.7083333333333334
DeMeo VIS-NIR,29,S,0.0
DeMeo VIS-NIR,29,Sa,0.03821656050955414
DeMeo VIS-NIR,29,Sq,0.0
DeMeo VIS-NIR,29,Sr,0.39803439803439805
DeMeo VIS-NIR,29,Sv,0.40559440559440557
DeMeo VIS-NIR,29,T,0.45440956651718983
DeMeo VIS-NIR,29,V,0.6627906976744186
DeMeo VIS-NIR,29,X,0.0
DeMeo VIS-NIR,29,Xc,0.22302158273381295
DeMeo VIS-NIR,29,Xe,0.4075829383886256
DeMeo VIS-NIR,29,Xk,0.24087591240875914
DeMeo VIS-NIR,29,Xn,0.0
DeMeo VIS-NIR,30,A,0.5660377358490566
DeMeo VIS-NIR,30,B,0.5268817204301075
DeMeo VIS-NIR,30,Cb,0.5356125356125356
DeMeo VIS-NIR,30,Ch,0.5849802371541502
DeMeo VIS-NIR,30,D,0.5446808510638298
DeMeo VIS-NIR,30,K,0.4226190476190476
DeMeo VIS-NIR,30,L,0.0
DeMeo VIS-NIR,30,O,0.16901408450704225
DeMeo VIS-NIR,30,Q,0.7083333333333334
DeMeo VIS-NIR,30,S,0.0
DeMeo VIS-NIR,30,Sa,0.03821656050955414
DeMeo VIS-NIR,30,Sq,0.0
DeMeo VIS-NIR,30,Sr,0.39803439803439805
DeMeo VIS-NIR,30,Sv,0.40559440559440557
DeMeo VIS-NIR,30,T,0.45440956651718983
DeMeo VIS-NIR,30,V,0.6627906976744186
DeMeo VIS-NIR,30,X,0.0
DeMeo VIS-NIR,30,Xc,0.22302158273381295
DeMeo VIS-NIR,30,Xe,0.4075829383886256
DeMeo VIS-NIR,30,Xk,0.24087591240875914
DeMeo VIS-NIR,30,Xn,0.0
DeMeo VIS-NIR,31,A,0.5660377358490566
DeMeo VIS-NIR,31,B,0.5268817204301075
DeMeo VIS-NIR,31,Cb,0.5356125356125356
DeMeo VIS-NIR,31,Ch,0.5849802371541502
DeMeo VIS-NIR,31,D,0.5446808510638298
DeMeo VIS-NIR,31,K,0.4226190476190476
DeMeo VIS-NIR,31,L,0.0
DeMeo VIS-NIR,31,O,0.16901408450704225
DeMeo VIS-NIR,31,Q,0.7083333333333334
DeMeo VIS-NIR,31,S,0.0
DeMeo VIS-NIR,31,Sa,0.03821656050955414
DeMeo VIS-NIR,31,Sq,0.0
DeMeo VIS-NIR,31,Sr,0.39803439803439805
DeMeo VIS-NIR,31,Sv,0.40559440559440557
DeMeo VIS-NIR,31,T,0.45440956651718983
DeMeo VIS-NIR,31,V,0.6627906976744186
DeMeo VIS-NIR,31,X,0.0
DeMeo VIS-NIR,31,Xc,0.22302158273381295
DeMeo VIS-NIR,31,Xe,0.4075829383886256
DeMeo VIS-NIR,31,Xk,0.24087591240875914
DeMeo VIS-NIR,31,Xn,0.0
DeMeo VIS-NIR,32,A,0.5660377358490566
DeMeo VIS-NIR,32,B,0.5268817204301075
DeMeo VIS-NIR,32,Cb,0.5356125356125356
DeMeo VIS-NIR,32,Ch,0.5849802371541502
DeMeo VIS-NIR,32,D,0.5446808510638298
DeMeo VIS-NIR,32,K,0.4226190476190476
DeMeo VIS-NIR,32,L,0.0
DeMeo VIS-NIR,32,O,0.16901408450704225
DeMeo VIS-NIR,32,Q,0.7083333333333334
DeMeo VIS-NIR,32,S,0.0
DeMeo VIS-NIR,32,Sa,0.03821656050955414
DeMeo VIS-NIR,32,Sq,0.0
DeMeo VIS-NIR,32,Sr,0.39803439803439805
DeMeo VIS-NIR,32,Sv,0.40559440559440557
DeMeo VIS-NIR,32,T,0.45440956651718983
DeMeo VIS-NIR,32,V,0.6627906976744186
DeMeo VIS-NIR,32,X,0.0
DeMeo VIS-NIR,32,Xc,0.22302158273381295
DeMeo VIS-NIR,32,Xe,0.4075829383886256
DeMeo VIS-NIR,32,Xk,0.24087591240875914
DeMeo VIS-NIR,32,Xn,0.0
DeMeo VIS-NIR,33,A,0.6923076923076923
DeMeo VIS-NIR,33,B,0.5130890052356021
DeMeo VIS-NIR,33,Cb,0.43478260869565216
DeMeo VIS-NIR,33,Ch,0.5847299813780261
DeMeo VIS-NIR,33,D,0.45217391304347826
DeMeo VIS-NIR,33,K,0.4020618556701031
DeMeo VIS-NIR,33,L,0.0
DeMeo VIS-NIR,33,O,0.16901408450704225
DeMeo VIS-NIR,33,Q,0.7152777777777778
DeMeo VIS-NIR,33,S,0.3090909090909091
DeMeo VIS-NIR,33,Sa,0.12962962962962962
DeMeo VIS-NIR,33,Sq,0.0
DeMeo VIS-NIR,33,Sr,0.3573487031700288
DeMeo VIS-NIR,33,Sv,0.32727272727272727
DeMeo VIS-NIR,33,T,0.3422818791946309
DeMeo VIS-NIR,33,V,0.6627906976744186
DeMeo VIS-NIR,33,X,0.20270270270270271
DeMeo VIS-NIR,33,Xc,0.0
DeMeo VIS-NIR,33,Xe,0.45430809399477806
DeMeo VIS-NIR,33,Xk,0.2527075812274368
DeMeo VIS-NIR,33,Xn,0.0
DeMeo VIS-NIR,34,A,0.6923076923076923
DeMeo VIS-NIR,34,B,0.5130890052356021
DeMeo VIS-NIR,34,Cb,0.5271739130434783
DeMeo VIS-NIR,34,Ch,0.6
DeMeo VIS-NIR,34,D,0.4473684210526316
DeMeo VIS-NIR,34,K,0.4563758389261745
DeMeo VIS-NIR,34,L,0.0
DeMeo VIS-NIR,34,O,0.16901408450704225
DeMeo VIS-NIR,34,Q,0.7103448275862069
DeMeo VIS-NIR,34,S,0.2863961813842482
DeMeo VIS-NIR,34,Sa,0.1308411214953271
DeMeo VIS-NIR,34,Sq,0.0
DeMeo VIS-NIR,34,Sr,0.3595505617977528
DeMeo VIS-NIR,34,Sv,0.3939393939393939
DeMeo VIS-NIR,34,T,0.3956386292834891
DeMeo VIS-NIR,34,V,0.6627906976744186
DeMeo VIS-NIR,34,X,0.010752688172043012
DeMeo VIS-NIR,34,Xc,0.0
DeMeo VIS-NIR,34,Xe,0.45742092457420924
DeMeo VIS-NIR,34,Xk,0.24548736462093862
DeMeo VIS-NIR,34,Xn,0.0
DeMeo VIS-NIR,35,A,0.6923076923076923
DeMeo VIS-NIR,35,B,0.5130890052356021
DeMeo VIS-NIR,35,Cb,0.5271739130434783
DeMeo VIS-NIR,35,Ch,0.6
DeMeo VIS-NIR,35,D,0.4473684210526316
DeMeo VIS-NIR,35,K,0.4563758389261745
DeMeo VIS-NIR,35,L,0.0
DeMeo VIS-NIR,35,O,0.16901408450704225
DeMeo VIS-NIR,35,Q,0.7103448275862069
DeMeo VIS-NIR,35,S,0.2863961813842482
DeMeo VIS-NIR,35,Sa,0.1308411214953271
DeMeo VIS-NIR,35,Sq,0.0
DeMeo VIS-NIR,35,Sr,0.3595505617977528
DeMeo VIS-NIR,35,Sv,0.3939393939393939
DeMeo VIS-NIR,35,T,0.3956386292834891
DeMeo VIS-NIR,35,V,0.6627906976744186
DeMeo VIS-NIR,35,X,0.010752688172043012
DeMeo VIS-NIR,35,Xc,0.0
DeMeo VIS-NIR,35,Xe,0.45742092457420924
DeMeo VIS-NIR,35,Xk,0.24548736462093862
DeMeo VIS-NIR,35,Xn,0.0
DeMeo VIS-NIR,36,A,0.6923076923076923
DeMeo VIS-NIR,36,B,0.5130890052356021
DeMeo VIS-NIR,36,Cb,0.5271739130434783
DeMeo VIS-NIR,36,Ch,0.6
DeMeo VIS-NIR,36,D,0.4473684210526316
DeMeo VIS-NIR,36,K,0.4563758389261745
DeMeo VIS-NIR,36,L,0.0
DeMeo VIS-NIR,36,O,0.16901408450704225
DeMeo VIS-NIR,36,Q,0.7103448275862069
DeMeo VIS-NIR,36,S,0.2863961813842482
DeMeo VIS-NIR,36,Sa,0.1308411214953271
DeMeo VIS-NIR,36,Sq,0.0
DeMeo VIS-NIR,36,Sr,0.3595505617977528
DeMeo VIS-NIR,36,Sv,0.3939393939393939
DeMeo VIS-NIR,36,T,0.3956386292834891
DeMeo VIS-NIR,36,V,0.6627906976744186
DeMeo VIS-NIR,36,X,0.010752688172043012
DeMeo VIS-NIR,36,Xc,0.0
DeMeo VIS-NIR,36,Xe,0.45742092457420924
DeMeo VIS-NIR,36,Xk,0.24548736462093862
DeMeo VIS-NIR,36,Xn,0.0
DeMeo VIS-NIR,37,A,0.6923076923076923
DeMeo VIS-NIR,37,B,0.5157894736842106
DeMeo VIS-NIR,37,Cb,0.5271739130434783
DeMeo VIS-NIR,37,Ch,0.5988700564971752
DeMeo VIS-NIR,37,D,0.48717948717948717
DeMeo VIS-NIR,37,K,0.46405228758169936
DeMeo VIS-NIR,37,L,0.0
DeMeo VIS-NIR,37,O,0.17391304347826086
DeMeo VIS-NIR,37,Q,0.7103448275862069
DeMeo VIS-NIR,37,S,0.2985781990521327
DeMeo VIS-NIR,37,Sa,0.0915032679738562
DeMeo VIS-NIR,37,Sq,0.0
DeMeo VIS-NIR,37,Sr,0.3333333333333333
DeMeo VIS-NIR,37,Sv,0.410958904109589
DeMeo VIS-NIR,37,T,0.46407185628742514
DeMeo VIS-NIR,37,V,0.6227544910179641
DeMeo VIS-NIR,37,X,0.0
DeMeo VIS-NIR,37,Xc,0.0
DeMeo VIS-NIR,37,Xe,0.45410628019323673
DeMeo VIS-NIR,37,Xk,0.24727272727272728
DeMeo VIS-NIR,37,Xn,0.0
DeMeo VIS-NIR,38,A,0.6923076923076923
DeMeo VIS-NIR,38,B,0.5157894736842106
DeMeo VIS-NIR,38,Cb,0.5271739130434783
DeMeo VIS-NIR,38,Ch,0.5988700564971752
DeMeo VIS-NIR,38,D,0.48717948717948717
DeMeo VIS-NIR,38,K,0.46405228758169936
DeMeo VIS-NIR,38,L,0.0
DeMeo VIS-NIR,38,O,0.17391304347826086
DeMeo VIS-NIR,38,Q,0.7103448275862069
DeMeo VIS-NIR,38,S,0.2985781990521327
DeMeo VIS-NIR,38,Sa,0.0915032679738562
DeMeo VIS-NIR,38,Sq,0.0
DeMeo VIS-NIR,38,Sr,0.3333333333333333
DeMeo VIS-NIR,38,Sv,0.410958904109589
DeMeo VIS-NIR,38,T,0.46407185628742514
DeMeo VIS-NIR,38,V,0.6227544910179641
DeMeo VIS-NIR,38,X,0.0
DeMeo VIS-NIR,38,Xc,0.0
DeMeo VIS-NIR,38,Xe,0.45410628019323673
DeMeo VIS-NIR,38,Xk,0.24727272727272728
DeMeo VIS-NIR,38,Xn,0.0
DeMeo VIS-NIR,39,A,0.6923076923076923
DeMeo VIS-NIR,39,B,0.5157894736842106
DeMeo VIS-NIR,39,Cb,0.5271739130434783
DeMeo VIS-NIR,39,Ch,0.5988700564971752
DeMeo VIS-NIR,39,D,0.48717948717948717
DeMeo VIS-NIR,39,K,0.46405228758169936
DeMeo VIS-NIR,39,L,0.0
DeMeo VIS-NIR,39,O,0.17391304347826086
DeMeo VIS-NIR,39,Q,0.7103448275862069
DeMeo VIS-NIR,39,S,0.2985781990521327
DeMeo VIS-NIR,39,Sa,0.0915032679738562
DeMeo VIS-NIR,39,Sq,0.0
DeMeo VIS-NIR,39,Sr,0.3333333333333333
DeMeo VIS-NIR,39,Sv,0.410958904109589
DeMeo VIS-NIR,39,T,0.46407185628742514
DeMeo VIS-NIR,39,V,0.6227544910179641
DeMeo VIS-NIR,39,X,0.0
DeMeo VIS-NIR,39,Xc,0.0
DeMeo VIS-NIR,39,Xe,0.45410628019323673
DeMeo VIS-NIR,39,Xk,0.24727272727272728
DeMeo VIS-NIR,39,Xn,0.0
DeMeo VIS-NIR,40,A,0.6923076923076923
DeMeo VIS-NIR,40,B,0.5157894736842106
DeMeo VIS-NIR,40,Cb,0.5271739130434783
DeMeo VIS-NIR,40,Ch,0.5988700564971752
DeMeo VIS-NIR,40,D,0.48717948717948717
DeMeo VIS-NIR,40,K,0.46405228758169936
DeMeo VIS-NIR,40,L,0.0
DeMeo VIS-NIR,40,O,0.17391304347826086
DeMeo VIS-NIR,40,Q,0.7103448275862069
DeMeo VIS-NIR,40,S,0.2985781990521327
DeMeo VIS-NIR,40,Sa,0.0915032679738562
DeMeo VIS-NIR,40,Sq,0.0
DeMeo VIS-NIR,40,Sr,0.3333333333333333
DeMeo VIS-NIR,40,Sv,0.410958904109589
DeMeo VIS-NIR,40,T,0.46407185628742514
DeMeo VIS-NIR,40,V,0.6227544910179641
DeMeo VIS-NIR,40,X,0.0
DeMeo VIS-NIR,40,Xc,0.0
DeMeo VIS-NIR,40,Xe,0.45410628019323673
DeMeo VIS-NIR,40,Xk,0.24727272727272728
DeMeo VIS-NIR,40,Xn,0.0
DeMeo VIS-NIR,41,A,0.6923076923076923
DeMeo VIS-NIR,41,B,0.5157894736842106
DeMeo VIS-NIR,41,Cb,0.5243243243243243
DeMeo VIS-NIR,41,Ch,0.5977443609022557
DeMeo VIS-NIR,41,D,0.4851063829787234
DeMeo VIS-NIR,41,K,0.46308724832214765
DeMeo VIS-NIR,41,L,0.0
DeMeo VIS-NIR,41,O,0.17391304347826086
DeMeo VIS-NIR,41,Q,0.7103448275862069
DeMeo VIS-NIR,41,S,0.3
DeMeo VIS-NIR,41,Sa,0.0915032679738562
DeMeo VIS-NIR,41,Sq,0.0
DeMeo VIS-NIR,41,Sr,0.33240997229916897
DeMeo VIS-NIR,41,Sv,0.41237113402061853
DeMeo VIS-NIR,41,T,0.4617691154422789
DeMeo VIS-NIR,41,V,0.6227544910179641
DeMeo VIS-NIR,41,X,0.0
DeMeo VIS-NIR,41,Xc,0.0
DeMeo VIS-NIR,41,Xe,0.4655581947743468
DeMeo VIS-NIR,41,Xk,0.24727272727272728
DeMeo VIS-NIR,41,Xn,0.0
DeMeo VIS-NIR,42,A,0.6923076923076923
DeMeo VIS-NIR,42,B,0.5297297297297298
DeMeo VIS-NIR,42,Cb,0.553072625698324
DeMeo VIS-NIR,42,Ch,0.5821782178217821
DeMeo VIS-NIR,42,D,0.4669603524229075
DeMeo VIS-NIR,42,K,0.3674698795180723
DeMeo VIS-NIR,42,L,0.0
DeMeo VIS-NIR,42,O,0.16666666666666666
DeMeo VIS-NIR,42,Q,0.710801393728223
DeMeo VIS-NIR,42,S,0.2850356294536817
DeMeo VIS-NIR,42,Sa,0.08974358974358974
DeMeo VIS-NIR,42,Sq,0.0
DeMeo VIS-NIR,42,Sr,0.38461538461538464
DeMeo VIS-NIR,42,Sv,0.14473684210526316
DeMeo VIS-NIR,42,T,0.4690265486725664
DeMeo VIS-NIR,42,V,0.6781609195402298
DeMeo VIS-NIR,42,X,0.0
DeMeo VIS-NIR,42,Xc,0.2440944881889764
DeMeo VIS-NIR,42,Xe,0.36525612472160357
DeMeo VIS-NIR,42,Xk,0.25
DeMeo VIS-NIR,42,Xn,0.0
DeMeo VIS-NIR,43,A,0.6923076923076923
DeMeo VIS-NIR,43,B,0.5297297297297298
DeMeo VIS-NIR,43,Cb,0.553072625698324
DeMeo VIS-NIR,43,Ch,0.5821782178217821
DeMeo VIS-NIR,43,D,0.4669603524229075
DeMeo VIS-NIR,43,K,0.3674698795180723
DeMeo VIS-NIR,43,L,0.0
DeMeo VIS-NIR,43,O,0.16666666666666666
DeMeo VIS-NIR,43,Q,0.710801393728223
DeMeo VIS-NIR,43,S,0.2850356294536817
DeMeo VIS-NIR,43,Sa,0.08974358974358974
DeMeo VIS-NIR,43,Sq,0.0
DeMeo VIS-NIR,43,Sr,0.38461538461538464
DeMeo VIS-NIR,43,Sv,0.14473684210526316
DeMeo VIS-NIR,43,T,0.4690265486725664
DeMeo VIS-NIR,43,V,0.6781609195402298
DeMeo VIS-NIR,43,X,0.0
DeMeo VIS-NIR,43,Xc,0.2440944881889764
DeMeo VIS-NIR,43,Xe,0.36525612472160357
DeMeo VIS-NIR,43,Xk,0.25
DeMeo VIS-NIR,43,Xn,0.0
DeMeo VIS-NIR,44,A,0.6923076923076923
DeMeo VIS-NIR,44,B,0.5268817204301075
DeMeo VIS-NIR,44,Cb,0.5378151260504201
DeMeo VIS-NIR,44,Ch,0.5821782178217821
DeMeo VIS-NIR,44,D,0.4669603524229075
DeMeo VIS-NIR,44,K,0.4112676056338028
DeMeo VIS-NIR,44,L,0.0
DeMeo VIS-NIR,44,O,0.16666666666666666
DeMeo VIS-NIR,44,Q,0.71280276816609
DeMeo VIS-NIR,44,S,0.31143552311435524
DeMeo VIS-NIR,44,Sa,0.09655172413793103
DeMeo VIS-NIR,44,Sq,0.0
DeMeo VIS-NIR,44,Sr,0.3888888888888889
DeMeo VIS-NIR,44,Sv,0.35714285714285715
DeMeo VIS-NIR,44,T,0.4316109422492401
DeMeo VIS-NIR,44,V,0.6781609195402298
DeMeo VIS-NIR,44,X,0.0
DeMeo VIS-NIR,44,Xc,0.0
DeMeo VIS-NIR,44,Xe,0.3092269326683292
DeMeo VIS-NIR,44,Xk,0.24354243542435425
DeMeo VIS-NIR,44,Xn,0.0
DeMeo VIS-NIR,45,A,0.6923076923076923
DeMeo VIS-NIR,45,B,0.5268817204301075
DeMeo VIS-NIR,45,Cb,0.5378151260504201
DeMeo VIS-NIR,45,Ch,0.5821782178217821
DeMeo VIS-NIR,45,D,0.4669603524229075
DeMeo VIS-NIR,45,K,0.4112676056338028
DeMeo VIS-NIR,45,L,0.0
DeMeo VIS-NIR,45,O,0.16666666666666666
DeMeo VIS-NIR,45,Q,0.71280276816609
DeMeo VIS-NIR,45,S,0.31143552311435524
DeMeo VIS-NIR,45,Sa,0.09655172413793103
DeMeo VIS-NIR,45,Sq,0.0
DeMeo VIS-NIR,45,Sr,0.3888888888888889
DeMeo VIS-NIR,45,Sv,0.35714285714285715
DeMeo VIS-NIR,45,T,0.4316109422492401
DeMeo VIS-NIR,45,V,0.6781609195402298
DeMeo VIS-NIR,45,X,0.0
DeMeo VIS-NIR,45,Xc,0.0
DeMeo VIS-NIR,45,Xe,0.3092269326683292
DeMeo VIS-NIR,45,Xk,0.24354243542435425
DeMeo VIS-NIR,45,Xn,0.0
DeMeo VIS-NIR,46,A,0.6923076923076923
DeMeo VIS-NIR,46,B,0.5268817204301075
DeMeo VIS-NIR,46,Cb,0.5378151260504201
DeMeo VIS-NIR,46,Ch,0.5821782178217821
DeMeo VIS-NIR,46,D,0.4669603524229075
DeMeo VIS-NIR,46,K,0.4112676056338028
DeMeo VIS-NIR,46,L,0.0
DeMeo VIS-NIR,46,O,0.16666666666666666
DeMeo VIS-NIR,46,Q,0.71280276816609
DeMeo VIS-NIR,46,S,0.31143552311435524
DeMeo VIS-NIR,46,Sa,0.09655172413793103
DeMeo VIS-NIR,46,Sq,0.0
DeMeo VIS-NIR,46,Sr,0.3888888888888889
DeMeo VIS-NIR,46,Sv,0.35714285714285715
DeMeo VIS-NIR,46,T,0.4316109422492401
DeMeo VIS-NIR,46,V,0.6781609195402298
DeMeo VIS-NIR,46,X,0.0
DeMeo VIS-NIR,46,Xc,0.0
DeMeo VIS-NIR,46,Xe,0.3092269326683292
DeMeo VIS-NIR,46,Xk,0.24354243542435425
DeMeo VIS-NIR,46,Xn,0.0
DeMeo VIS-NIR,47,A,0.6923076923076923
DeMeo VIS-NIR,47,B,0.5268817204301075
DeMeo VIS-NIR,47,Cb,0.5378151260504201
DeMeo VIS-NIR,47,Ch,0.5821782178217821
DeMeo VIS-NIR,47,D,0.4669603524229075
DeMeo VIS-NIR,47,K,0.4112676056338028
DeMeo VIS-NIR,47,L,0.0
DeMeo VIS-NIR,47,O,0.16666666666666666
DeMeo VIS-NIR,47,Q,0.71280276816609
DeMeo VIS-NIR,47,S,0.31143552311435524
DeMeo VIS-NIR,47,Sa,0.09655172413793103
DeMeo VIS-NIR,47,Sq,0.0
DeMeo VIS-NIR,47,Sr,0.3888888888888889
DeMeo VIS-NIR,47,Sv,0.35714285714285715
DeMeo VIS-NIR,47,T,0.4316109422492401
DeMeo VIS-NIR,47,V,0.6781609195402298
DeMeo VIS-NIR,47,X,0.0
DeMeo VIS-NIR,47,Xc,0.0
DeMeo VIS-NIR,47,Xe,0.3092269326683292
DeMeo VIS-NIR,47,Xk,0.24354243542435425
DeMeo VIS-NIR,47,Xn,0.0
DeMeo VIS-NIR,48,A,0.6923076923076923
DeMeo VIS-NIR,48,B,0.5268817204301075
DeMeo VIS-NIR,48,Cb,0.5378151260504201
DeMeo VIS-NIR,48,Ch,0.5821782178217821
DeMeo VIS-NIR,48,D,0.4669603524229075
DeMeo VIS-NIR,48,K,0.4112676056338028
DeMeo VIS-NIR,48,L,0.0
DeMeo VIS-NIR,48,O,0.16666666666666666
DeMeo VIS-NIR,48,Q,0.71280276816609
DeMeo VIS-NIR,48,S,0.31143552311435524
DeMeo VIS-NIR,48,Sa,0.09655172413793103
DeMeo VIS-NIR,48,Sq,0.0
DeMeo VIS-NIR,48,Sr,0.3888888888888889
DeMeo VIS-NIR,48,Sv,0.35714285714285715
DeMeo VIS-NIR,48,T,0.4316109422492401
DeMeo VIS-NIR,48,V,0.6781609195402298
DeMeo VIS-NIR,48,X,0.0
DeMeo VIS-NIR,48,Xc,0.0
DeMeo VIS-NIR,48,Xe,0.3092269326683292
DeMeo VIS-NIR,48,Xk,0.24354243542435425
DeMeo VIS-NIR,48,Xn,0.0
DeMeo VIS-NIR,49,A,0.6923076923076923
DeMeo VIS-NIR,49,B,0.5268817204301075
DeMeo VIS-NIR,49,Cb,0.5378151260504201
DeMeo VIS-NIR,49,Ch,0.5821782178217821
DeMeo VIS-NIR,49,D,0.4669603524229075
DeMeo VIS-NIR,49,K,0.4112676056338028
DeMeo VIS-NIR,49,L,0.0
DeMeo VIS-NIR,49,O,0.16666666666666666
DeMeo VIS-NIR,49,Q,0.71280276816609
DeMeo VIS-NIR,49,S,0.31143552311435524
DeMeo VIS-NIR,49,Sa,0.09655172413793103
DeMeo VIS-NIR,49,Sq,0.0
DeMeo VIS-NIR,49,Sr,0.3888888888888889
DeMeo VIS-NIR,49,Sv,0.35714285714285715
DeMeo VIS-NIR,49,T,0.4316109422492401
DeMeo VIS-NIR,49,V,0.6781609195402298
DeMeo VIS-NIR,49,X,0.0
DeMeo VIS-NIR,49,Xc,0.0
DeMeo VIS-NIR,49,Xe,0.3092269326683292
DeMeo VIS-NIR,49,Xk,0.24354243542435425
DeMeo VIS-NIR,49,Xn,0.0
DeMeo VIS-NIR,50,A,0.6923076923076923
DeMeo VIS-NIR,50,B,0.5268817204301075
DeMeo VIS-NIR,50,Cb,0.5378151260504201
DeMeo VIS-NIR,50,Ch,0.5821782178217821
DeMeo VIS-NIR,50,D,0.4669603524229075
DeMeo VIS-NIR,50,K,0.4112676056338028
DeMeo VIS-NIR,50,L,0.0
DeMeo VIS-NIR,50,O,0.16666666666666666
DeMeo VIS-NIR,50,Q,0.71280276816609
DeMeo VIS-NIR,50,S,0.31143552311435524
DeMeo VIS-NIR,50,Sa,0.09655172413793103
DeMeo VIS-NIR,50,Sq,0.0
DeMeo VIS-NIR,50,Sr,0.3888888888888889
DeMeo VIS-NIR,50,Sv,0.35714285714285715
DeMeo VIS-NIR,50,T,0.4316109422492401
DeMeo VIS-NIR,50,V,0.6781609195402298
DeMeo VIS-NIR,50,X,0.0
DeMeo VIS-NIR,50,Xc,0.0
DeMeo VIS-NIR,50,Xe,0.3092269326683292
DeMeo VIS-NIR,50,Xk,0.24354243542435425
DeMeo VIS-NIR,50,Xn,0.0
