dataset,class,threshold,first_PC
Bus-Binzel VIS,A,0.6,3.0
Bus-Binzel VIS,A,0.7,3.0
Bus-Binzel VIS,A,0.8,47.0
Bus-Binzel VIS,A,0.9,
Bus-Binzel VIS,V,0.6,2.0
Bus-Binzel VIS,V,0.7,12.0
Bus-Binzel VIS,V,0.8,
Bus-Binzel VIS,V,0.9,
Bus-Binzel VIS,Ld,0.6,2.0
Bus-Binzel VIS,Ld,0.7,14.0
Bus-Binzel VIS,Ld,0.8,
Bus-Binzel VIS,Ld,0.9,
Bus-Binzel VIS,Sq,0.6,2.0
Bus-Binzel VIS,Sq,0.7,14.0
Bus-Binzel VIS,Sq,0.8,
Bus-Binzel VIS,Sq,0.9,
Bus-Binzel VIS,D,0.6,4.0
Bus-Binzel VIS,D,0.7,
Bus-Binzel VIS,D,0.8,
Bus-Binzel VIS,D,0.9,
Bus-Binzel VIS,L,0.6,19.0
Bus-Binzel VIS,L,0.7,
Bus-Binzel VIS,L,0.8,
Bus-Binzel VIS,L,0.9,
Bus-Binzel VIS,R,0.6,27.0
Bus-Binzel VIS,R,0.7,
Bus-Binzel VIS,R,0.8,
Bus-Binzel VIS,R,0.9,
Bus-Binzel VIS,T,0.6,3.0
Bus-Binzel VIS,T,0.7,
Bus-Binzel VIS,T,0.8,
Bus-Binzel VIS,T,0.9,
Bus-Binzel VIS,Sr,0.6,10.0
Bus-Binzel VIS,Sr,0.7,
Bus-Binzel VIS,Sr,0.8,
Bus-Binzel VIS,Sr,0.9,
Bus-Binzel VIS,Sa,0.6,
Bus-Binzel VIS,Sa,0.7,
Bus-Binzel VIS,Sa,0.8,
Bus-Binzel VIS,Sa,0.9,
Bus-Binzel VIS,Sl,0.6,
Bus-Binzel VIS,Sl,0.7,
Bus-Binzel VIS,Sl,0.8,
Bus-Binzel VIS,Sl,0.9,
Bus-Binzel VIS,Xk,0.6,
Bus-Binzel VIS,Xk,0.7,
Bus-Binzel VIS,Xk,0.8,
Bus-Binzel VIS,Xk,0.9,
Bus-Binzel VIS,Ch,0.6,
Bus-Binzel VIS,Ch,0.7,
Bus-Binzel VIS,Ch,0.8,
Bus-Binzel VIS,Ch,0.9,
Bus-Binzel VIS,C,0.6,
Bus-Binzel VIS,C,0.7,
Bus-Binzel VIS,C,0.8,
Bus-Binzel VIS,C,0.9,
Bus-Binzel VIS,X,0.6,
Bus-Binzel VIS,X,0.7,
Bus-Binzel VIS,X,0.8,
Bus-Binzel VIS,X,0.9,
Bus-Binzel VIS,B,0.6,
Bus-Binzel VIS,B,0.7,
Bus-Binzel VIS,B,0.8,
Bus-Binzel VIS,B,0.9,
Bus-Binzel VIS,S,0.6,
Bus-Binzel VIS,S,0.7,
Bus-Binzel VIS,S,0.8,
Bus-Binzel VIS,S,0.9,
Bus-Binzel VIS,K,0.6,
Bus-Binzel VIS,K,0.7,
Bus-Binzel VIS,K,0.8,
Bus-Binzel VIS,K,0.9,
Bus-Binzel VIS,Sk,0.6,
Bus-Binzel VIS,Sk,0.7,
Bus-Binzel VIS,Sk,0.8,
Bus-Binzel VIS,Sk,0.9,
Bus-Binzel VIS,Xc,0.6,
Bus-Binzel VIS,Xc,0.7,
Bus-Binzel VIS,Xc,0.8,
Bus-Binzel VIS,Xc,0.9,
Bus-Binzel VIS,O,0.6,
Bus-Binzel VIS,O,0.7,
Bus-Binzel VIS,O,0.8,
Bus-Binzel VIS,O,0.9,
Bus-Binzel VIS,Cb,0.6,
Bus-Binzel VIS,Cb,0.7,
Bus-Binzel VIS,Cb,0.8,
Bus-Binzel VIS,Cb,0.9,
Bus-Binzel VIS,Xe,0.6,
Bus-Binzel VIS,Xe,0.7,
Bus-Binzel VIS,Xe,0.8,
Bus-Binzel VIS,Xe,0.9,
Bus-Binzel VIS,Cg,0.6,
Bus-Binzel VIS,Cg,0.7,
Bus-Binzel VIS,Cg,0.8,
Bus-Binzel VIS,Cg,0.9,
Bus-Binzel VIS,Cgh,0.6,
Bus-Binzel VIS,Cgh,0.7,
Bus-Binzel VIS,Cgh,0.8,
Bus-Binzel VIS,Cgh,0.9,
DeMeo VIS-NIR,A,0.6,3.0
DeMeo VIS-NIR,A,0.7,3.0
DeMeo VIS-NIR,A,0.8,
DeMeo VIS-NIR,A,0.9,
DeMeo VIS-NIR,Q,0.6,3.0
DeMeo VIS-NIR,Q,0.7,4.0
DeMeo VIS-NIR,Q,0.8,
DeMeo VIS-NIR,Q,0.9,
DeMeo VIS-NIR,V,0.6,3.0
DeMeo VIS-NIR,V,0.7,
DeMeo VIS-NIR,V,0.8,
DeMeo VIS-NIR,V,0.9,
DeMeo VIS-NIR,B,0.6,2.0
DeMeo VIS-NIR,B,0.7,
DeMeo VIS-NIR,B,0.8,
DeMeo VIS-NIR,B,0.9,
DeMeo VIS-NIR,Ch,0.6,20.0
DeMeo VIS-NIR,Ch,0.7,
DeMeo VIS-NIR,Ch,0.8,
DeMeo VIS-NIR,Ch,0.9,
DeMeo VIS-NIR,D,0.6,20.0
DeMeo VIS-NIR,D,0.7,
DeMeo VIS-NIR,D,0.8,
DeMeo VIS-NIR,D,0.9,
DeMeo VIS-NIR,Cb,0.6,
DeMeo VIS-NIR,Cb,0.7,
DeMeo VIS-NIR,Cb,0.8,
DeMeo VIS-NIR,Cb,0.9,
DeMeo VIS-NIR,Xe,0.6,
DeMeo VIS-NIR,Xe,0.7,
DeMeo VIS-NIR,Xe,0.8,
DeMeo VIS-NIR,Xe,0.9,
DeMeo VIS-NIR,K,0.6,
DeMeo VIS-NIR,K,0.7,
DeMeo VIS-NIR,K,0.8,
DeMeo VIS-NIR,K,0.9,
DeMeo VIS-NIR,T,0.6,
DeMeo VIS-NIR,T,0.7,
DeMeo VIS-NIR,T,0.8,
DeMeo VIS-NIR,T,0.9,
DeMeo VIS-NIR,Sr,0.6,
DeMeo VIS-NIR,Sr,0.7,
DeMeo VIS-NIR,Sr,0.8,
DeMeo VIS-NIR,Sr,0.9,
DeMeo VIS-NIR,Sv,0.6,
DeMeo VIS-NIR,Sv,0.7,
DeMeo VIS-NIR,Sv,0.8,
DeMeo VIS-NIR,Sv,0.9,
DeMeo VIS-NIR,S,0.6,
DeMeo VIS-NIR,S,0.7,
DeMeo VIS-NIR,S,0.8,
DeMeo VIS-NIR,S,0.9,
DeMeo VIS-NIR,Xk,0.6,
DeMeo VIS-NIR,Xk,0.7,
DeMeo VIS-NIR,Xk,0.8,
DeMeo VIS-NIR,Xk,0.9,
DeMeo VIS-NIR,Sa,0.6,
DeMeo VIS-NIR,Sa,0.7,
DeMeo VIS-NIR,Sa,0.8,
DeMeo VIS-NIR,Sa,0.9,
DeMeo VIS-NIR,X,0.6,
DeMeo VIS-NIR,X,0.7,
DeMeo VIS-NIR,X,0.8,
DeMeo VIS-NIR,X,0.9,
DeMeo VIS-NIR,Xc,0.6,
DeMeo VIS-NIR,Xc,0.7,
DeMeo VIS-NIR,Xc,0.8,
DeMeo VIS-NIR,Xc,0.9,
DeMeo VIS-NIR,O,0.6,
DeMeo VIS-NIR,O,0.7,
DeMeo VIS-NIR,O,0.8,
DeMeo VIS-NIR,O,0.9,
DeMeo VIS-NIR,Xn,0.6,
DeMeo VIS-NIR,Xn,0.7,
DeMeo VIS-NIR,Xn,0.8,
DeMeo VIS-NIR,Xn,0.9,
DeMeo VIS-NIR,Sq,0.6,
DeMeo VIS-NIR,Sq,0.7,
DeMeo VIS-NIR,Sq,0.8,
DeMeo VIS-NIR,Sq,0.9,
DeMeo VIS-NIR,L,0.6,
DeMeo VIS-NIR,L,0.7,
DeMeo VIS-NIR,L,0.8,
DeMeo VIS-NIR,L,0.9,
