dataset,PC,explained_variance,cumulative_variance
Bus-Binzel VIS,1,0.7701851461261757,0.7701851461261757
Bus-Binzel VIS,2,0.15777285525519671,0.9279580013813724
Bus-Binzel VIS,3,0.013638653181485166,0.9415966545628576
Bus-Binzel VIS,4,0.004592054394348638,0.9461887089572062
Bus-Binzel VIS,5,0.004019482341378895,0.9502081912985851
Bus-Binzel VIS,6,0.003097099388556737,0.9533052906871419
Bus-Binzel VIS,7,0.002428152446441559,0.9557334431335834
Bus-Binzel VIS,8,0.0023700796000763083,0.9581035227336597
Bus-Binzel VIS,9,0.0018855220779620404,0.9599890448116217
Bus-Binzel VIS,10,0.0017561835265387752,0.9617452283381605
Bus-Binzel VIS,11,0.00158354954328333,0.9633287778814438
Bus-Binzel VIS,12,0.0014137985613171644,0.964742576442761
Bus-Binzel VIS,13,0.001343062406316008,0.9660856388490769
Bus-Binzel VIS,14,0.0012472582506013084,0.9673328970996783
Bus-Binzel VIS,15,0.001174466525485897,0.9685073636251642
Bus-Binzel VIS,16,0.0011214691645702254,0.9696288327897344
Bus-Binzel VIS,17,0.0010478718142941225,0.9706767046040286
Bus-Binzel VIS,18,0.0008848423832458771,0.9715615469872745
Bus-Binzel VIS,19,0.0008788995613223868,0.9724404465485968
Bus-Binzel VIS,20,0.0008494372828604967,0.9732898838314573
Bus-Binzel VIS,21,0.0008286346002428345,0.9741185184317002
Bus-Binzel VIS,22,0.0007637032745036223,0.9748822217062038
Bus-Binzel VIS,23,0.0007441693870102828,0.975626391093214
Bus-Binzel VIS,24,0.0007270596952444828,0.9763534507884585
Bus-Binzel VIS,25,0.0007058777449045849,0.9770593285333631
Bus-Binzel VIS,26,0.0006757625753960886,0.9777350911087592
Bus-Binzel VIS,27,0.000627202001113865,0.9783622931098731
Bus-Binzel VIS,28,0.0005978831995036989,0.9789601763093768
Bus-Binzel VIS,29,0.0005621292083629565,0.9795223055177398
Bus-Binzel VIS,30,0.0005411871249479628,0.9800634926426878
Bus-Binzel VIS,31,0.0005305219142303358,0.9805940145569181
Bus-Binzel VIS,32,0.0005066682897933215,0.9811006828467114
Bus-Binzel VIS,33,0.0004747384787969976,0.9815754213255083
Bus-Binzel VIS,34,0.00046652341883786813,0.9820419447443463
Bus-Binzel VIS,35,0.00045806789053634073,0.9825000126348826
Bus-Binzel VIS,36,0.00045034561484358994,0.9829503582497262
Bus-Binzel VIS,37,0.00043625559774071313,0.983386613847467
Bus-Binzel VIS,38,0.0004282631203991288,0.9838148769678661
Bus-Binzel VIS,39,0.00041634986976065786,0.9842312268376268
Bus-Binzel VIS,40,0.00040490664708360465,0.9846361334847104
Bus-Binzel VIS,41,0.0003816141167668822,0.9850177476014772
Bus-Binzel VIS,42,0.0003701104482006357,0.9853878580496779
Bus-Binzel VIS,43,0.0003639084707380387,0.985751766520416
Bus-Binzel VIS,44,0.0003482322630708601,0.9860999987834869
Bus-Binzel VIS,45,0.00032914153699175214,0.9864291403204786
Bus-Binzel VIS,46,0.0003242045204030402,0.9867533448408816
Bus-Binzel VIS,47,0.0003183664571701761,0.9870717112980518
Bus-Binzel VIS,48,0.0003076728164879798,0.9873793841145398
Bus-Binzel VIS,49,0.0003008185846503531,0.9876802026991902
Bus-Binzel VIS,50,0.0002929100735400709,0.9879731127727303
DeMeo VIS-NIR,1,0.8859369684849726,0.8859369684849726
DeMeo VIS-NIR,2,0.05748820129665428,0.9434251697816269
DeMeo VIS-NIR,3,0.03289781894061923,0.9763229887222462
DeMeo VIS-NIR,4,0.01642383400833098,0.9927468227305772
DeMeo VIS-NIR,5,0.003596037983944335,0.9963428607145216
DeMeo VIS-NIR,6,0.0012169638226603443,0.997559824537182
DeMeo VIS-NIR,7,0.0005636462491592095,0.9981234707863411
DeMeo VIS-NIR,8,0.0005163355855413375,0.9986398063718824
DeMeo VIS-NIR,9,0.0003715016830825743,0.999011308054965
DeMeo VIS-NIR,10,0.0002551264952766201,0.9992664345502416
DeMeo VIS-NIR,11,0.00017190521785136312,0.9994383397680929
DeMeo VIS-NIR,12,0.00011320162209825636,0.9995515413901912
DeMeo VIS-NIR,13,8.228323445302153e-05,0.9996338246246442
DeMeo VIS-NIR,14,6.592995698489598e-05,0.9996997545816291
DeMeo VIS-NIR,15,5.2059534715273975e-05,0.9997518141163444
DeMeo VIS-NIR,16,3.552745434883279e-05,0.9997873415706933
DeMeo VIS-NIR,17,3.3760318886835614e-05,0.9998211018895801
DeMeo VIS-NIR,18,2.4142754312459032e-05,0.9998452446438926
DeMeo VIS-NIR,19,1.9483831264686645e-05,0.9998647284751573
DeMeo VIS-NIR,20,1.547071693871325e-05,0.999880199192096
DeMeo VIS-NIR,21,1.3442956787005933e-05,0.999893642148883
DeMeo VIS-NIR,22,1.1532498455384374e-05,0.9999051746473384
DeMeo VIS-NIR,23,1.0235491660483623e-05,0.9999154101389989
DeMeo VIS-NIR,24,9.151379978338942e-06,0.9999245615189772
DeMeo VIS-NIR,25,7.2003718750863705e-06,0.9999317618908523
DeMeo VIS-NIR,26,6.76227476506383e-06,0.9999385241656173
DeMeo VIS-NIR,27,5.791181554637794e-06,0.999944315347172
DeMeo VIS-NIR,28,4.841647957535025e-06,0.9999491569951295
DeMeo VIS-NIR,29,4.6928759844886555e-06,0.999953849871114
DeMeo VIS-NIR,30,3.997972183971667e-06,0.999957847843298
DeMeo VIS-NIR,31,3.7772011720714396e-06,0.9999616250444701
DeMeo VIS-NIR,32,3.6120920765194554e-06,0.9999652371365466
DeMeo VIS-NIR,33,3.0873425675425212e-06,0.9999683244791141
DeMeo VIS-NIR,34,3.014557741689096e-06,0.9999713390368558
DeMeo VIS-NIR,35,2.661882999071969e-06,0.9999740009198548
DeMeo VIS-NIR,36,2.5637448502247064e-06,0.999976564664705
DeMeo VIS-NIR,37,2.345624416708618e-06,0.9999789102891217
DeMeo VIS-NIR,38,2.310591353025179e-06,0.9999812208804747
DeMeo VIS-NIR,39,2.0752780501081014e-06,0.9999832961585248
DeMeo VIS-NIR,40,1.900989577191365e-06,0.999985197148102
DeMeo VIS-NIR,41,1.8083714116669307e-06,0.9999870055195136
DeMeo VIS-NIR,42,1.5920075191641533e-06,0.9999885975270327
DeMeo VIS-NIR,43,1.517489643811977e-06,0.9999901150166766
DeMeo VIS-NIR,44,1.4346737263404117e-06,0.9999915496904029
DeMeo VIS-NIR,45,1.4055174170452607e-06,0.99999295520782
DeMeo VIS-NIR,46,1.3373233011063918e-06,0.999994292531121
DeMeo VIS-NIR,47,1.2352630182180737e-06,0.9999955277941392
DeMeo VIS-NIR,48,1.19598713834498e-06,0.9999967237812776
DeMeo VIS-NIR,49,1.1314030299265134e-06,0.9999978551843075
DeMeo VIS-NIR,50,9.404874448612579e-07,0.9999987956717523
