class,best_PC,max_F1,samples,recovery_band,first_PC_F1_ge_0_6,first_PC_F1_ge_0_7,first_PC_F1_ge_0_8,first_PC_F1_ge_0_9,dataset,rank
A,47,0.8275862068965517,16,0.80-0.89,3.0,3.0,47.0,,Bus-Binzel VIS,1
V,43,0.7857142857142857,34,0.70-0.79,2.0,12.0,,,Bus-Binzel VIS,2
Ld,24,0.7619047619047619,12,0.70-0.79,2.0,14.0,,,Bus-Binzel VIS,3
Sq,14,0.7391304347826086,50,0.70-0.79,2.0,14.0,,,Bus-Binzel VIS,4
D,4,0.6956521739130435,9,0.60-0.69,4.0,,,,Bus-Binzel VIS,5
L,19,0.6666666666666666,34,0.60-0.69,19.0,,,,Bus-Binzel VIS,6
R,27,0.6666666666666666,4,0.60-0.69,27.0,,,,Bus-Binzel VIS,7
T,9,0.6486486486486487,14,0.60-0.69,3.0,,,,Bus-Binzel VIS,8
Sr,10,0.6,13,0.60-0.69,10.0,,,,Bus-Binzel VIS,9
Sa,22,0.5862068965517241,34,<0.60,,,,,Bus-Binzel VIS,10
A,9,0.7636363636363637,34,0.70-0.79,3.0,3.0,,,DeMeo VIS-NIR,1
Q,18,0.7222222222222222,144,0.70-0.79,3.0,4.0,,,DeMeo VIS-NIR,2
V,21,0.6781609195402298,114,0.60-0.69,3.0,,,,DeMeo VIS-NIR,3
B,3,0.6608695652173913,55,0.60-0.69,2.0,,,,DeMeo VIS-NIR,4
Ch,23,0.6309523809523809,260,0.60-0.69,20.0,,,,DeMeo VIS-NIR,5
D,20,0.6072874493927125,168,0.60-0.69,20.0,,,,DeMeo VIS-NIR,6
Cb,23,0.5614035087719298,166,<0.60,,,,,DeMeo VIS-NIR,7
Xe,17,0.54627539503386,195,<0.60,,,,,DeMeo VIS-NIR,8
K,21,0.47058823529411764,135,<0.60,,,,,DeMeo VIS-NIR,9
T,42,0.4690265486725664,466,<0.60,,,,,DeMeo VIS-NIR,10
